2026-08-19T05:37:39+0000 RUN start mode=production range=(1000000000000, 10000000000000] workers=48 seg_odd=12500000 pid=4172358 pgid=4172358
2026-08-19T05:37:39+0000 plan: 360000 segments total, 0 already complete (resume), 360000 to do; 0 members already recorded
2026-08-19T05:37:42+0000 startup gate 1a PASS: full control segment [9000001,9100000) sigma-verified against direct factorization (50000 values, 2.3s)
2026-08-19T05:37:44+0000 startup gate 1b PASS: broken-variant self-test fired (corrupted sigma(9018009) detected by checker)
2026-08-19T05:37:45+0000 gate 2 PASS: 48/48 shard positive controls fired (control log control-1787117859.log)
2026-08-19T05:38:49+0000 HEARTBEAT segments 250/360000 (this run: 250, 3.89 seg/s) ETA 25.68 h, members so far: 0
2026-08-19T05:39:08+0000 MEMBER m=1008800367705 sigma=2017600728000 d=7410 x=272280800 square=False (seg 352, confirmed)
2026-08-19T05:39:45+0000 HEARTBEAT segments 500/360000 (this run: 500, 4.17 seg/s) ETA 23.93 h, members so far: 1
2026-08-19T05:40:30+0000 MEMBER m=1017446468535 sigma=2034861978240 d=30958830 x=65728 square=False (seg 697, confirmed)
2026-08-19T05:40:42+0000 HEARTBEAT segments 750/360000 (this run: 750, 4.22 seg/s) ETA 23.63 h, members so far: 2
2026-08-19T05:41:08+0000 MEMBER m=1021930976625 sigma=2043860582400 d=1370850 x=1490944 square=False (seg 877, confirmed)
2026-08-19T05:41:38+0000 HEARTBEAT segments 1000/360000 (this run: 1000, 4.28 seg/s) ETA 23.29 h, members so far: 3
2026-08-19T05:42:10+0000 MEMBER m=1028065780125 sigma=2056130818560 d=741690 x=2772224 square=False (seg 1122, confirmed)
2026-08-19T05:42:36+0000 HEARTBEAT segments 1250/360000 (this run: 1250, 4.29 seg/s) ETA 23.22 h, members so far: 4
2026-08-19T05:43:11+0000 MEMBER m=1035521787465 sigma=2071043251200 d=323730 x=6397440 square=False (seg 1420, confirmed)
2026-08-19T05:43:32+0000 HEARTBEAT segments 1500/360000 (this run: 1500, 4.32 seg/s) ETA 23.03 h, members so far: 5
2026-08-19T05:44:28+0000 HEARTBEAT segments 1750/360000 (this run: 1750, 4.34 seg/s) ETA 22.92 h, members so far: 5
2026-08-19T05:45:26+0000 HEARTBEAT segments 2000/360000 (this run: 2000, 4.34 seg/s) ETA 22.92 h, members so far: 5
2026-08-19T05:46:02+0000 MEMBER m=1054065120381 sigma=2108129587200 d=653562 x=3225600 square=False (seg 2162, confirmed)
2026-08-19T05:46:24+0000 HEARTBEAT segments 2250/360000 (this run: 2250, 4.33 seg/s) ETA 22.93 h, members so far: 6
2026-08-19T05:47:16+0000 MEMBER m=1061768599515 sigma=2123518086144 d=19112886 x=111104 square=False (seg 2470, confirmed)
2026-08-19T05:47:21+0000 HEARTBEAT segments 2500/360000 (this run: 2500, 4.34 seg/s) ETA 22.88 h, members so far: 7
2026-08-19T05:48:16+0000 HEARTBEAT segments 2750/360000 (this run: 2750, 4.35 seg/s) ETA 22.79 h, members so far: 7
2026-08-19T05:48:40+0000 MEMBER m=1071016171785 sigma=2142032256000 d=87570 x=24460800 square=False (seg 2840, confirmed)
2026-08-19T05:49:14+0000 HEARTBEAT segments 3000/360000 (this run: 3000, 4.35 seg/s) ETA 22.77 h, members so far: 8
2026-08-19T05:50:10+0000 HEARTBEAT segments 3250/360000 (this run: 3250, 4.36 seg/s) ETA 22.73 h, members so far: 8
2026-08-19T05:51:09+0000 HEARTBEAT segments 3500/360000 (this run: 3500, 4.35 seg/s) ETA 22.75 h, members so far: 8
2026-08-19T05:51:50+0000 MEMBER m=1091709977625 sigma=2183419929600 d=25650 x=85123584 square=False (seg 3668, confirmed)
2026-08-19T05:52:06+0000 MEMBER m=1093836328767 sigma=2187184446720 d=488210814 x=4480 square=False (seg 3753, confirmed)
2026-08-19T05:52:06+0000 HEARTBEAT segments 3750/360000 (this run: 3750, 4.35 seg/s) ETA 22.73 h, members so far: 10
2026-08-19T05:53:05+0000 HEARTBEAT segments 4000/360000 (this run: 4000, 4.35 seg/s) ETA 22.74 h, members so far: 10
2026-08-19T05:54:03+0000 HEARTBEAT segments 4250/360000 (this run: 4250, 4.35 seg/s) ETA 22.74 h, members so far: 10
2026-08-19T05:54:59+0000 MEMBER m=1112742738315 sigma=2225484398592 d=1078038 x=2064384 square=False (seg 4509, confirmed)
2026-08-19T05:54:59+0000 HEARTBEAT segments 4500/360000 (this run: 4500, 4.35 seg/s) ETA 22.71 h, members so far: 11
2026-08-19T05:55:00+0000 MEMBER m=1113128756649 sigma=2226257510400 d=2898 x=768204800 square=False (seg 4525, confirmed)
2026-08-19T05:55:47+0000 MEMBER m=1117615326765 sigma=2235230650368 d=3162 x=706904064 square=False (seg 4704, confirmed)
2026-08-19T05:55:57+0000 HEARTBEAT segments 4750/360000 (this run: 4750, 4.35 seg/s) ETA 22.69 h, members so far: 13
2026-08-19T05:56:44+0000 MEMBER m=1124073753705 sigma=2248147249920 d=257490 x=8731008 square=False (seg 4962, confirmed)
2026-08-19T05:56:55+0000 HEARTBEAT segments 5000/360000 (this run: 5000, 4.35 seg/s) ETA 22.68 h, members so far: 14
2026-08-19T05:57:54+0000 HEARTBEAT segments 5250/360000 (this run: 5250, 4.34 seg/s) ETA 22.70 h, members so far: 14
2026-08-19T05:58:17+0000 MEMBER m=1133432956305 sigma=2266862008320 d=3904290 x=580608 square=False (seg 5337, confirmed)
2026-08-19T05:58:23+0000 MEMBER m=1134335400705 sigma=2268669312000 d=1489410 x=1523200 square=False (seg 5373, confirmed)
2026-08-19T05:58:53+0000 HEARTBEAT segments 5500/360000 (this run: 5500, 4.34 seg/s) ETA 22.71 h, members so far: 16
2026-08-19T05:59:46+0000 MEMBER m=1142821956969 sigma=2285319294720 d=324619218 x=7040 square=False (seg 5712, confirmed)
2026-08-19T05:59:50+0000 HEARTBEAT segments 5750/360000 (this run: 5750, 4.34 seg/s) ETA 22.68 h, members so far: 17
2026-08-19T06:00:49+0000 HEARTBEAT segments 6000/360000 (this run: 6000, 4.33 seg/s) ETA 22.69 h, members so far: 17
2026-08-19T06:01:48+0000 HEARTBEAT segments 6250/360000 (this run: 6250, 4.33 seg/s) ETA 22.70 h, members so far: 17
2026-08-19T06:01:52+0000 MEMBER m=1156842099567 sigma=2313684172800 d=26334 x=87859200 square=False (seg 6273, confirmed)
2026-08-19T06:02:47+0000 HEARTBEAT segments 6500/360000 (this run: 6500, 4.33 seg/s) ETA 22.69 h, members so far: 18
2026-08-19T06:03:43+0000 HEARTBEAT segments 6750/360000 (this run: 6750, 4.33 seg/s) ETA 22.66 h, members so far: 18
2026-08-19T06:04:42+0000 HEARTBEAT segments 7000/360000 (this run: 7000, 4.33 seg/s) ETA 22.66 h, members so far: 18
2026-08-19T06:05:42+0000 HEARTBEAT segments 7250/360000 (this run: 7250, 4.32 seg/s) ETA 22.67 h, members so far: 18
2026-08-19T06:06:42+0000 HEARTBEAT segments 7500/360000 (this run: 7500, 4.32 seg/s) ETA 22.68 h, members so far: 18
2026-08-19T06:07:40+0000 HEARTBEAT segments 7750/360000 (this run: 7750, 4.32 seg/s) ETA 22.67 h, members so far: 18
2026-08-19T06:08:39+0000 HEARTBEAT segments 8000/360000 (this run: 8000, 4.31 seg/s) ETA 22.67 h, members so far: 18
2026-08-19T06:09:37+0000 HEARTBEAT segments 8250/360000 (this run: 8250, 4.31 seg/s) ETA 22.65 h, members so far: 18
2026-08-19T06:09:47+0000 MEMBER m=1207084033485 sigma=2414168064000 d=2970 x=812851200 square=False (seg 8283, confirmed)
2026-08-19T06:10:36+0000 HEARTBEAT segments 8500/360000 (this run: 8500, 4.31 seg/s) ETA 22.64 h, members so far: 19
2026-08-19T06:10:58+0000 MEMBER m=1214585487465 sigma=2429170974720 d=210 x=11567480832 square=False (seg 8583, confirmed)
2026-08-19T06:11:36+0000 HEARTBEAT segments 8750/360000 (this run: 8750, 4.31 seg/s) ETA 22.65 h, members so far: 20
2026-08-19T06:12:34+0000 HEARTBEAT segments 9000/360000 (this run: 9000, 4.31 seg/s) ETA 22.63 h, members so far: 20
2026-08-19T06:13:32+0000 HEARTBEAT segments 9250/360000 (this run: 9250, 4.31 seg/s) ETA 22.61 h, members so far: 20
2026-08-19T06:13:52+0000 MEMBER m=1233603469395 sigma=2467204945920 d=1992870 x=1238016 square=False (seg 9344, confirmed)
2026-08-19T06:14:29+0000 HEARTBEAT segments 9500/360000 (this run: 9500, 4.31 seg/s) ETA 22.60 h, members so far: 21
2026-08-19T06:14:34+0000 MEMBER m=1237521307425 sigma=2475041587200 d=1027650 x=2408448 square=False (seg 9500, confirmed)
2026-08-19T06:15:30+0000 HEARTBEAT segments 9750/360000 (this run: 9750, 4.30 seg/s) ETA 22.61 h, members so far: 22
2026-08-19T06:16:30+0000 HEARTBEAT segments 10000/360000 (this run: 10000, 4.30 seg/s) ETA 22.61 h, members so far: 22
2026-08-19T06:17:29+0000 HEARTBEAT segments 10250/360000 (this run: 10250, 4.30 seg/s) ETA 22.60 h, members so far: 22
2026-08-19T06:18:29+0000 HEARTBEAT segments 10500/360000 (this run: 10500, 4.30 seg/s) ETA 22.60 h, members so far: 22
2026-08-19T06:18:44+0000 MEMBER m=1263845380005 sigma=2527667251200 d=23508810 x=107520 square=False (seg 10553, confirmed)
2026-08-19T06:19:10+0000 MEMBER m=1266581844255 sigma=2533026263040 d=137425470 x=18432 square=False (seg 10663, confirmed)
2026-08-19T06:19:27+0000 HEARTBEAT segments 10750/360000 (this run: 10750, 4.30 seg/s) ETA 22.58 h, members so far: 24
2026-08-19T06:20:27+0000 HEARTBEAT segments 11000/360000 (this run: 11000, 4.29 seg/s) ETA 22.58 h, members so far: 24
2026-08-19T06:21:18+0000 MEMBER m=1279935929727 sigma=2559871641600 d=217854 x=11750400 square=False (seg 11197, confirmed)
2026-08-19T06:21:30+0000 HEARTBEAT segments 11250/360000 (this run: 11250, 4.28 seg/s) ETA 22.61 h, members so far: 25
2026-08-19T06:21:57+0000 MEMBER m=1284429882915 sigma=2568846597120 d=13168710 x=195072 square=False (seg 11377, confirmed)
2026-08-19T06:22:23+0000 MEMBER m=1286966575575 sigma=2573882880000 d=50271150 x=51200 square=False (seg 11478, confirmed)
2026-08-19T06:22:27+0000 MEMBER m=1287557116209 sigma=2575108972800 d=5259618 x=489600 square=False (seg 11502, confirmed)
2026-08-19T06:22:30+0000 HEARTBEAT segments 11500/360000 (this run: 11500, 4.28 seg/s) ETA 22.61 h, members so far: 28
2026-08-19T06:23:28+0000 HEARTBEAT segments 11750/360000 (this run: 11750, 4.28 seg/s) ETA 22.59 h, members so far: 28
2026-08-19T06:24:28+0000 HEARTBEAT segments 12000/360000 (this run: 12000, 4.28 seg/s) ETA 22.58 h, members so far: 28
2026-08-19T06:25:28+0000 HEARTBEAT segments 12250/360000 (this run: 12250, 4.28 seg/s) ETA 22.58 h, members so far: 28
2026-08-19T06:26:31+0000 HEARTBEAT segments 12500/360000 (this run: 12500, 4.27 seg/s) ETA 22.60 h, members so far: 28
2026-08-19T06:26:34+0000 MEMBER m=1312655996421 sigma=2625311969280 d=23562 x=111421440 square=False (seg 12506, confirmed)
2026-08-19T06:27:31+0000 HEARTBEAT segments 12750/360000 (this run: 12750, 4.27 seg/s) ETA 22.59 h, members so far: 29
2026-08-19T06:28:30+0000 HEARTBEAT segments 13000/360000 (this run: 13000, 4.27 seg/s) ETA 22.58 h, members so far: 29
2026-08-19T06:28:57+0000 MEMBER m=1327609545465 sigma=2655219087360 d=3570 x=743758848 square=False (seg 13104, confirmed)
2026-08-19T06:29:29+0000 MEMBER m=1330947112365 sigma=2661894144000 d=80730 x=32972800 square=False (seg 13237, confirmed)
2026-08-19T06:29:30+0000 HEARTBEAT segments 13250/360000 (this run: 13250, 4.27 seg/s) ETA 22.58 h, members so far: 31
2026-08-19T06:30:31+0000 HEARTBEAT segments 13500/360000 (this run: 13500, 4.26 seg/s) ETA 22.58 h, members so far: 31
2026-08-19T06:31:33+0000 HEARTBEAT segments 13750/360000 (this run: 13750, 4.26 seg/s) ETA 22.58 h, members so far: 31
2026-08-19T06:32:34+0000 HEARTBEAT segments 14000/360000 (this run: 14000, 4.26 seg/s) ETA 22.58 h, members so far: 31
2026-08-19T06:32:54+0000 MEMBER m=1352376925263 sigma=2703864421440 d=889429086 x=3040 square=False (seg 14095, confirmed)
2026-08-19T06:33:35+0000 HEARTBEAT segments 14250/360000 (this run: 14250, 4.25 seg/s) ETA 22.58 h, members so far: 32
2026-08-19T06:34:35+0000 HEARTBEAT segments 14500/360000 (this run: 14500, 4.25 seg/s) ETA 22.57 h, members so far: 32
2026-08-19T06:35:38+0000 HEARTBEAT segments 14750/360000 (this run: 14750, 4.25 seg/s) ETA 22.58 h, members so far: 32
2026-08-19T06:36:41+0000 HEARTBEAT segments 15000/360000 (this run: 15000, 4.24 seg/s) ETA 22.59 h, members so far: 32
2026-08-19T06:37:41+0000 HEARTBEAT segments 15250/360000 (this run: 15250, 4.24 seg/s) ETA 22.58 h, members so far: 32
2026-08-19T06:38:42+0000 HEARTBEAT segments 15500/360000 (this run: 15500, 4.24 seg/s) ETA 22.58 h, members so far: 32
2026-08-19T06:39:43+0000 HEARTBEAT segments 15750/360000 (this run: 15750, 4.24 seg/s) ETA 22.57 h, members so far: 32
2026-08-19T06:39:55+0000 MEMBER m=1394778706875 sigma=2789557056000 d=357750 x=7797504 square=False (seg 15791, confirmed)
2026-08-19T06:40:32+0000 MEMBER m=1398083023935 sigma=2796165605376 d=442494 x=6319104 square=False (seg 15923, confirmed)
2026-08-19T06:40:46+0000 HEARTBEAT segments 16000/360000 (this run: 16000, 4.23 seg/s) ETA 22.58 h, members so far: 34
2026-08-19T06:41:48+0000 HEARTBEAT segments 16250/360000 (this run: 16250, 4.23 seg/s) ETA 22.58 h, members so far: 34
2026-08-19T06:42:32+0000 MEMBER m=1410956706225 sigma=2821913136000 d=276450 x=10207680 square=False (seg 16438, confirmed)
2026-08-19T06:42:50+0000 HEARTBEAT segments 16500/360000 (this run: 16500, 4.23 seg/s) ETA 22.58 h, members so far: 35
2026-08-19T06:43:50+0000 HEARTBEAT segments 16750/360000 (this run: 16750, 4.22 seg/s) ETA 22.57 h, members so far: 35
2026-08-19T06:44:50+0000 HEARTBEAT segments 17000/360000 (this run: 17000, 4.22 seg/s) ETA 22.56 h, members so far: 35
2026-08-19T06:45:54+0000 HEARTBEAT segments 17250/360000 (this run: 17250, 4.22 seg/s) ETA 22.57 h, members so far: 35
2026-08-19T06:46:31+0000 MEMBER m=1434592081923 sigma=2869184102400 d=61446 x=46694400 square=False (seg 17383, confirmed)
2026-08-19T06:46:56+0000 HEARTBEAT segments 17500/360000 (this run: 17500, 4.22 seg/s) ETA 22.57 h, members so far: 36
2026-08-19T06:47:47+0000 MEMBER m=1443012197319 sigma=2885876066304 d=148328334 x=19456 square=False (seg 17720, confirmed)
2026-08-19T06:47:57+0000 HEARTBEAT segments 17750/360000 (this run: 17750, 4.21 seg/s) ETA 22.56 h, members so far: 37
2026-08-19T06:48:59+0000 HEARTBEAT segments 18000/360000 (this run: 18000, 4.21 seg/s) ETA 22.56 h, members so far: 37
2026-08-19T06:50:01+0000 HEARTBEAT segments 18250/360000 (this run: 18250, 4.21 seg/s) ETA 22.56 h, members so far: 37
2026-08-19T06:51:03+0000 MEMBER m=1462566152817 sigma=2925096767208 d=35538426 x=82308 square=False (seg 18502, confirmed)
2026-08-19T06:51:05+0000 HEARTBEAT segments 18500/360000 (this run: 18500, 4.20 seg/s) ETA 22.56 h, members so far: 38
2026-08-19T06:52:09+0000 HEARTBEAT segments 18750/360000 (this run: 18750, 4.20 seg/s) ETA 22.57 h, members so far: 38
2026-08-19T06:52:31+0000 MEMBER m=1471243056075 sigma=2942483544000 d=2568150 x=1145760 square=False (seg 18849, confirmed)
2026-08-19T06:52:35+0000 MEMBER m=1471637445201 sigma=2943273231360 d=1659042 x=1774080 square=False (seg 18865, confirmed)
2026-08-19T06:53:11+0000 HEARTBEAT segments 19000/360000 (this run: 19000, 4.20 seg/s) ETA 22.56 h, members so far: 40
2026-08-19T06:53:57+0000 MEMBER m=1479426094377 sigma=2958846105600 d=6083154 x=486400 square=False (seg 19177, confirmed)
2026-08-19T06:54:13+0000 HEARTBEAT segments 19250/360000 (this run: 19250, 4.20 seg/s) ETA 22.56 h, members so far: 41
2026-08-19T06:55:15+0000 HEARTBEAT segments 19500/360000 (this run: 19500, 4.19 seg/s) ETA 22.56 h, members so far: 41
2026-08-19T06:55:21+0000 MEMBER m=1488242246985 sigma=2976484492800 d=1170 x=2544003840 square=False (seg 19529, confirmed)
2026-08-19T06:56:18+0000 HEARTBEAT segments 19750/360000 (this run: 19750, 4.19 seg/s) ETA 22.55 h, members so far: 42
2026-08-19T06:57:21+0000 HEARTBEAT segments 20000/360000 (this run: 20000, 4.19 seg/s) ETA 22.56 h, members so far: 42
2026-08-19T06:58:03+0000 MEMBER m=1503970235625 sigma=3007917158400 d=23312850 x=129024 square=False (seg 20158, confirmed)
2026-08-19T06:58:24+0000 HEARTBEAT segments 20250/360000 (this run: 20250, 4.18 seg/s) ETA 22.55 h, members so far: 43
2026-08-19T06:59:26+0000 HEARTBEAT segments 20500/360000 (this run: 20500, 4.18 seg/s) ETA 22.55 h, members so far: 43
2026-08-19T07:00:29+0000 HEARTBEAT segments 20750/360000 (this run: 20750, 4.18 seg/s) ETA 22.55 h, members so far: 43
2026-08-19T07:01:34+0000 HEARTBEAT segments 21000/360000 (this run: 21000, 4.18 seg/s) ETA 22.55 h, members so far: 43
2026-08-19T07:01:51+0000 MEMBER m=1526427652113 sigma=3052854604800 d=699426 x=4364800 square=False (seg 21057, confirmed)
2026-08-19T07:02:37+0000 HEARTBEAT segments 21250/360000 (this run: 21250, 4.17 seg/s) ETA 22.55 h, members so far: 44
2026-08-19T07:03:40+0000 HEARTBEAT segments 21500/360000 (this run: 21500, 4.17 seg/s) ETA 22.54 h, members so far: 44
2026-08-19T07:04:43+0000 HEARTBEAT segments 21750/360000 (this run: 21750, 4.17 seg/s) ETA 22.54 h, members so far: 44
2026-08-19T07:04:52+0000 MEMBER m=1544405134725 sigma=3088659456000 d=150813450 x=20480 square=False (seg 21776, confirmed)
2026-08-19T07:05:47+0000 HEARTBEAT segments 22000/360000 (this run: 22000, 4.16 seg/s) ETA 22.54 h, members so far: 45
2026-08-19T07:06:52+0000 HEARTBEAT segments 22250/360000 (this run: 22250, 4.16 seg/s) ETA 22.55 h, members so far: 45
2026-08-19T07:07:55+0000 HEARTBEAT segments 22500/360000 (this run: 22500, 4.16 seg/s) ETA 22.54 h, members so far: 45
2026-08-19T07:08:58+0000 HEARTBEAT segments 22750/360000 (this run: 22750, 4.16 seg/s) ETA 22.54 h, members so far: 45
2026-08-19T07:09:50+0000 MEMBER m=1573568219223 sigma=3147136312320 d=126126 x=24952320 square=False (seg 22942, confirmed)
2026-08-19T07:10:02+0000 HEARTBEAT segments 23000/360000 (this run: 23000, 4.15 seg/s) ETA 22.54 h, members so far: 46
2026-08-19T07:11:06+0000 HEARTBEAT segments 23250/360000 (this run: 23250, 4.15 seg/s) ETA 22.53 h, members so far: 46
2026-08-19T07:12:11+0000 HEARTBEAT segments 23500/360000 (this run: 23500, 4.15 seg/s) ETA 22.54 h, members so far: 46
2026-08-19T07:13:14+0000 HEARTBEAT segments 23750/360000 (this run: 23750, 4.15 seg/s) ETA 22.53 h, members so far: 46
2026-08-19T07:14:16+0000 HEARTBEAT segments 24000/360000 (this run: 24000, 4.14 seg/s) ETA 22.52 h, members so far: 46
2026-08-19T07:15:22+0000 HEARTBEAT segments 24250/360000 (this run: 24250, 4.14 seg/s) ETA 22.53 h, members so far: 46
2026-08-19T07:16:27+0000 HEARTBEAT segments 24500/360000 (this run: 24500, 4.14 seg/s) ETA 22.53 h, members so far: 46
2026-08-19T07:17:09+0000 MEMBER m=1616235188841 sigma=3232465367040 d=5010642 x=645120 square=False (seg 24649, confirmed)
2026-08-19T07:17:31+0000 HEARTBEAT segments 24750/360000 (this run: 24750, 4.13 seg/s) ETA 22.52 h, members so far: 47
2026-08-19T07:17:45+0000 MEMBER m=1619857805715 sigma=3239715548160 d=63270 x=51204608 square=False (seg 24794, confirmed)
2026-08-19T07:18:34+0000 HEARTBEAT segments 25000/360000 (this run: 25000, 4.13 seg/s) ETA 22.52 h, members so far: 48
2026-08-19T07:19:39+0000 HEARTBEAT segments 25250/360000 (this run: 25250, 4.13 seg/s) ETA 22.52 h, members so far: 48
2026-08-19T07:20:44+0000 HEARTBEAT segments 25500/360000 (this run: 25500, 4.13 seg/s) ETA 22.52 h, members so far: 48
2026-08-19T07:20:53+0000 MEMBER m=1638766492209 sigma=3277422618624 d=110365794 x=29696 square=False (seg 25550, confirmed)
2026-08-19T07:21:32+0000 MEMBER m=1642160068857 sigma=3284319177216 d=960498 x=3419392 square=False (seg 25686, confirmed)
2026-08-19T07:21:42+0000 MEMBER m=1642739461125 sigma=3285476812800 d=2109450 x=1557504 square=False (seg 25709, confirmed)
2026-08-19T07:21:50+0000 HEARTBEAT segments 25750/360000 (this run: 25750, 4.12 seg/s) ETA 22.52 h, members so far: 51
2026-08-19T07:22:54+0000 HEARTBEAT segments 26000/360000 (this run: 26000, 4.12 seg/s) ETA 22.52 h, members so far: 51
2026-08-19T07:23:57+0000 HEARTBEAT segments 26250/360000 (this run: 26250, 4.12 seg/s) ETA 22.51 h, members so far: 51
2026-08-19T07:25:02+0000 HEARTBEAT segments 26500/360000 (this run: 26500, 4.12 seg/s) ETA 22.50 h, members so far: 51
2026-08-19T07:26:07+0000 HEARTBEAT segments 26750/360000 (this run: 26750, 4.11 seg/s) ETA 22.50 h, members so far: 51
2026-08-19T07:27:13+0000 HEARTBEAT segments 27000/360000 (this run: 27000, 4.11 seg/s) ETA 22.50 h, members so far: 51
2026-08-19T07:27:24+0000 MEMBER m=1676483148249 sigma=3352929914880 d=36381618 x=92160 square=False (seg 27059, confirmed)
2026-08-19T07:27:35+0000 MEMBER m=1677506922585 sigma=3354628432896 d=385412274 x=8704 square=False (seg 27100, confirmed)
2026-08-19T07:28:18+0000 HEARTBEAT segments 27250/360000 (this run: 27250, 4.11 seg/s) ETA 22.50 h, members so far: 53
2026-08-19T07:29:22+0000 HEARTBEAT segments 27500/360000 (this run: 27500, 4.11 seg/s) ETA 22.49 h, members so far: 53
2026-08-19T07:30:27+0000 HEARTBEAT segments 27750/360000 (this run: 27750, 4.10 seg/s) ETA 22.49 h, members so far: 53
2026-08-19T07:31:15+0000 MEMBER m=1698557399721 sigma=3397100249088 d=14550354 x=233472 square=False (seg 27942, confirmed)
2026-08-19T07:31:34+0000 HEARTBEAT segments 28000/360000 (this run: 28000, 4.10 seg/s) ETA 22.49 h, members so far: 54
2026-08-19T07:31:43+0000 MEMBER m=1700666733285 sigma=3401333208000 d=258570 x=13154400 square=False (seg 28026, confirmed)
2026-08-19T07:32:39+0000 HEARTBEAT segments 28250/360000 (this run: 28250, 4.10 seg/s) ETA 22.49 h, members so far: 55
2026-08-19T07:32:59+0000 MEMBER m=1708149692205 sigma=3416299286400 d=98010 x=34856640 square=False (seg 28325, confirmed)
2026-08-19T07:33:13+0000 MEMBER m=1709971116165 sigma=3419938791360 d=3440970 x=993888 square=False (seg 28398, confirmed)
2026-08-19T07:33:39+0000 MEMBER m=1711849648509 sigma=3423699062784 d=234234 x=14616576 square=False (seg 28473, confirmed)
2026-08-19T07:33:43+0000 HEARTBEAT segments 28500/360000 (this run: 28500, 4.10 seg/s) ETA 22.48 h, members so far: 58
2026-08-19T07:34:00+0000 MEMBER m=1714099144725 sigma=3428198152704 d=136746 x=25069824 square=False (seg 28563, confirmed)
2026-08-19T07:34:47+0000 HEARTBEAT segments 28750/360000 (this run: 28750, 4.09 seg/s) ETA 22.47 h, members so far: 59
2026-08-19T07:35:53+0000 HEARTBEAT segments 29000/360000 (this run: 29000, 4.09 seg/s) ETA 22.47 h, members so far: 59
2026-08-19T07:36:46+0000 MEMBER m=1730281322133 sigma=3460487546880 d=75097386 x=46080 square=False (seg 29211, confirmed)
2026-08-19T07:36:59+0000 HEARTBEAT segments 29250/360000 (this run: 29250, 4.09 seg/s) ETA 22.47 h, members so far: 60
2026-08-19T07:38:03+0000 HEARTBEAT segments 29500/360000 (this run: 29500, 4.09 seg/s) ETA 22.46 h, members so far: 60
2026-08-19T07:39:02+0000 MEMBER m=1743485249925 sigma=3486970470400 d=29450 x=118403072 square=False (seg 29739, confirmed)
2026-08-19T07:39:08+0000 HEARTBEAT segments 29750/360000 (this run: 29750, 4.08 seg/s) ETA 22.46 h, members so far: 61
2026-08-19T07:40:14+0000 HEARTBEAT segments 30000/360000 (this run: 30000, 4.08 seg/s) ETA 22.46 h, members so far: 61
2026-08-19T07:41:05+0000 MEMBER m=1755136275075 sigma=3510262828800 d=9721350 x=361088 square=False (seg 30205, confirmed)
2026-08-19T07:41:21+0000 HEARTBEAT segments 30250/360000 (this run: 30250, 4.08 seg/s) ETA 22.46 h, members so far: 62
2026-08-19T07:42:28+0000 HEARTBEAT segments 30500/360000 (this run: 30500, 4.08 seg/s) ETA 22.46 h, members so far: 62
2026-08-19T07:43:11+0000 MEMBER m=1766512679295 sigma=3533025355776 d=2814 x=1255517184 square=False (seg 30660, confirmed)
2026-08-19T07:43:33+0000 HEARTBEAT segments 30750/360000 (this run: 30750, 4.07 seg/s) ETA 22.45 h, members so far: 63
2026-08-19T07:44:16+0000 MEMBER m=1772764483545 sigma=3545528785920 d=181170 x=19570176 square=False (seg 30910, confirmed)
2026-08-19T07:44:20+0000 MEMBER m=1773601714665 sigma=3547203010560 d=418770 x=8470528 square=False (seg 30944, confirmed)
2026-08-19T07:44:39+0000 HEARTBEAT segments 31000/360000 (this run: 31000, 4.07 seg/s) ETA 22.45 h, members so far: 65
2026-08-19T07:45:44+0000 HEARTBEAT segments 31250/360000 (this run: 31250, 4.07 seg/s) ETA 22.44 h, members so far: 65
2026-08-19T07:46:45+0000 MEMBER m=1787233166565 sigma=3574466316288 d=16842 x=212235264 square=False (seg 31489, confirmed)
2026-08-19T07:46:51+0000 HEARTBEAT segments 31500/360000 (this run: 31500, 4.07 seg/s) ETA 22.44 h, members so far: 66
2026-08-19T07:47:17+0000 MEMBER m=1789746898401 sigma=3578794813440 d=698983362 x=5120 square=False (seg 31589, confirmed)
2026-08-19T07:47:51+0000 MEMBER m=1793381991219 sigma=3586763980800 d=1638 x=2189721600 square=False (seg 31735, confirmed)
2026-08-19T07:47:58+0000 HEARTBEAT segments 31750/360000 (this run: 31750, 4.06 seg/s) ETA 22.44 h, members so far: 68
2026-08-19T07:49:04+0000 HEARTBEAT segments 32000/360000 (this run: 32000, 4.06 seg/s) ETA 22.43 h, members so far: 68
2026-08-19T07:50:09+0000 HEARTBEAT segments 32250/360000 (this run: 32250, 4.06 seg/s) ETA 22.43 h, members so far: 68
2026-08-19T07:50:31+0000 MEMBER m=1807924963455 sigma=3615848570880 d=1356030 x=2666496 square=False (seg 32316, confirmed)
2026-08-19T07:51:05+0000 MEMBER m=1811001341655 sigma=3621875653440 d=127029870 x=28512 square=False (seg 32440, confirmed)
2026-08-19T07:51:18+0000 HEARTBEAT segments 32500/360000 (this run: 32500, 4.06 seg/s) ETA 22.43 h, members so far: 70
2026-08-19T07:52:24+0000 HEARTBEAT segments 32750/360000 (this run: 32750, 4.05 seg/s) ETA 22.43 h, members so far: 70
2026-08-19T07:53:30+0000 HEARTBEAT segments 33000/360000 (this run: 33000, 4.05 seg/s) ETA 22.42 h, members so far: 70
2026-08-19T07:54:36+0000 HEARTBEAT segments 33250/360000 (this run: 33250, 4.05 seg/s) ETA 22.42 h, members so far: 70
2026-08-19T07:55:43+0000 HEARTBEAT segments 33500/360000 (this run: 33500, 4.05 seg/s) ETA 22.41 h, members so far: 70
2026-08-19T07:56:51+0000 HEARTBEAT segments 33750/360000 (this run: 33750, 4.04 seg/s) ETA 22.41 h, members so far: 70
2026-08-19T07:57:58+0000 HEARTBEAT segments 34000/360000 (this run: 34000, 4.04 seg/s) ETA 22.41 h, members so far: 70
2026-08-19T07:59:04+0000 HEARTBEAT segments 34250/360000 (this run: 34250, 4.04 seg/s) ETA 22.40 h, members so far: 70
2026-08-19T08:00:10+0000 HEARTBEAT segments 34500/360000 (this run: 34500, 4.04 seg/s) ETA 22.39 h, members so far: 70
2026-08-19T08:01:20+0000 HEARTBEAT segments 34750/360000 (this run: 34750, 4.03 seg/s) ETA 22.40 h, members so far: 70
2026-08-19T08:02:27+0000 HEARTBEAT segments 35000/360000 (this run: 35000, 4.03 seg/s) ETA 22.40 h, members so far: 70
2026-08-19T08:03:33+0000 HEARTBEAT segments 35250/360000 (this run: 35250, 4.03 seg/s) ETA 22.39 h, members so far: 70
2026-08-19T08:04:41+0000 HEARTBEAT segments 35500/360000 (this run: 35500, 4.03 seg/s) ETA 22.39 h, members so far: 70
2026-08-19T08:05:49+0000 HEARTBEAT segments 35750/360000 (this run: 35750, 4.02 seg/s) ETA 22.38 h, members so far: 70
2026-08-19T08:06:12+0000 MEMBER m=1896279585525 sigma=3792534345600 d=24825450 x=152768 square=False (seg 35851, confirmed)
2026-08-19T08:06:57+0000 HEARTBEAT segments 36000/360000 (this run: 36000, 4.02 seg/s) ETA 22.38 h, members so far: 71
2026-08-19T08:07:05+0000 MEMBER m=1900571662395 sigma=3801143324160 d=630 x=6033560832 square=False (seg 36022, confirmed)
2026-08-19T08:08:05+0000 HEARTBEAT segments 36250/360000 (this run: 36250, 4.02 seg/s) ETA 22.38 h, members so far: 72
2026-08-19T08:09:12+0000 HEARTBEAT segments 36500/360000 (this run: 36500, 4.02 seg/s) ETA 22.37 h, members so far: 72
2026-08-19T08:10:19+0000 HEARTBEAT segments 36750/360000 (this run: 36750, 4.01 seg/s) ETA 22.37 h, members so far: 72
2026-08-19T08:11:29+0000 HEARTBEAT segments 37000/360000 (this run: 37000, 4.01 seg/s) ETA 22.37 h, members so far: 72
2026-08-19T08:12:37+0000 HEARTBEAT segments 37250/360000 (this run: 37250, 4.01 seg/s) ETA 22.36 h, members so far: 72
2026-08-19T08:13:01+0000 MEMBER m=1933804226865 sigma=3867606973440 d=1480290 x=2612736 square=False (seg 37352, confirmed)
2026-08-19T08:13:43+0000 HEARTBEAT segments 37500/360000 (this run: 37500, 4.01 seg/s) ETA 22.36 h, members so far: 73
2026-08-19T08:14:51+0000 HEARTBEAT segments 37750/360000 (this run: 37750, 4.00 seg/s) ETA 22.35 h, members so far: 73
2026-08-19T08:15:24+0000 MEMBER m=1946544167475 sigma=3893088326400 d=8550 x=455331968 square=False (seg 37861, confirmed)
2026-08-19T08:15:59+0000 HEARTBEAT segments 38000/360000 (this run: 38000, 4.00 seg/s) ETA 22.35 h, members so far: 74
2026-08-19T08:17:09+0000 HEARTBEAT segments 38250/360000 (this run: 38250, 4.00 seg/s) ETA 22.35 h, members so far: 74
2026-08-19T08:18:15+0000 HEARTBEAT segments 38500/360000 (this run: 38500, 4.00 seg/s) ETA 22.34 h, members so far: 74
2026-08-19T08:19:22+0000 HEARTBEAT segments 38750/360000 (this run: 38750, 4.00 seg/s) ETA 22.33 h, members so far: 74
2026-08-19T08:20:33+0000 HEARTBEAT segments 39000/360000 (this run: 39000, 3.99 seg/s) ETA 22.33 h, members so far: 74
2026-08-19T08:21:40+0000 HEARTBEAT segments 39250/360000 (this run: 39250, 3.99 seg/s) ETA 22.33 h, members so far: 74
2026-08-19T08:22:50+0000 HEARTBEAT segments 39500/360000 (this run: 39500, 3.99 seg/s) ETA 22.32 h, members so far: 74
2026-08-19T08:23:58+0000 HEARTBEAT segments 39750/360000 (this run: 39750, 3.99 seg/s) ETA 22.32 h, members so far: 74
2026-08-19T08:25:06+0000 HEARTBEAT segments 40000/360000 (this run: 40000, 3.98 seg/s) ETA 22.31 h, members so far: 74
2026-08-19T08:26:17+0000 HEARTBEAT segments 40250/360000 (this run: 40250, 3.98 seg/s) ETA 22.32 h, members so far: 74
2026-08-19T08:27:25+0000 HEARTBEAT segments 40500/360000 (this run: 40500, 3.98 seg/s) ETA 22.31 h, members so far: 74
2026-08-19T08:28:33+0000 HEARTBEAT segments 40750/360000 (this run: 40750, 3.98 seg/s) ETA 22.30 h, members so far: 74
2026-08-19T08:29:42+0000 HEARTBEAT segments 41000/360000 (this run: 41000, 3.97 seg/s) ETA 22.30 h, members so far: 74
2026-08-19T08:30:52+0000 HEARTBEAT segments 41250/360000 (this run: 41250, 3.97 seg/s) ETA 22.30 h, members so far: 74
2026-08-19T08:32:01+0000 HEARTBEAT segments 41500/360000 (this run: 41500, 3.97 seg/s) ETA 22.29 h, members so far: 74
2026-08-19T08:33:09+0000 HEARTBEAT segments 41750/360000 (this run: 41750, 3.97 seg/s) ETA 22.29 h, members so far: 74
2026-08-19T08:33:18+0000 MEMBER m=2044199255085 sigma=4086371540160 d=2026970010 x=2016 square=False (seg 41767, confirmed)
2026-08-19T08:34:18+0000 HEARTBEAT segments 42000/360000 (this run: 42000, 3.96 seg/s) ETA 22.28 h, members so far: 75
2026-08-19T08:35:27+0000 HEARTBEAT segments 42250/360000 (this run: 42250, 3.96 seg/s) ETA 22.27 h, members so far: 75
2026-08-19T08:36:38+0000 HEARTBEAT segments 42500/360000 (this run: 42500, 3.96 seg/s) ETA 22.27 h, members so far: 75
2026-08-19T08:37:46+0000 HEARTBEAT segments 42750/360000 (this run: 42750, 3.96 seg/s) ETA 22.27 h, members so far: 75
2026-08-19T08:38:07+0000 MEMBER m=2070484479063 sigma=4140968832000 d=126126 x=32832000 square=False (seg 42819, confirmed)
2026-08-19T08:38:23+0000 MEMBER m=2071864782603 sigma=4143729477888 d=87318 x=47455616 square=False (seg 42874, confirmed)
2026-08-19T08:38:27+0000 MEMBER m=2072293850781 sigma=4144498009344 d=89692218 x=46208 square=False (seg 42891, confirmed)
2026-08-19T08:38:54+0000 HEARTBEAT segments 43000/360000 (this run: 43000, 3.96 seg/s) ETA 22.26 h, members so far: 78
2026-08-19T08:40:04+0000 HEARTBEAT segments 43250/360000 (this run: 43250, 3.95 seg/s) ETA 22.25 h, members so far: 78
2026-08-19T08:41:14+0000 HEARTBEAT segments 43500/360000 (this run: 43500, 3.95 seg/s) ETA 22.25 h, members so far: 78
2026-08-19T08:42:23+0000 HEARTBEAT segments 43750/360000 (this run: 43750, 3.95 seg/s) ETA 22.25 h, members so far: 78
2026-08-19T08:43:34+0000 HEARTBEAT segments 44000/360000 (this run: 44000, 3.95 seg/s) ETA 22.24 h, members so far: 78
2026-08-19T08:44:43+0000 HEARTBEAT segments 44250/360000 (this run: 44250, 3.94 seg/s) ETA 22.24 h, members so far: 78
2026-08-19T08:45:55+0000 HEARTBEAT segments 44500/360000 (this run: 44500, 3.94 seg/s) ETA 22.23 h, members so far: 78
2026-08-19T08:46:59+0000 MEMBER m=2117889555327 sigma=4235778892800 d=217854 x=19443200 square=False (seg 44715, confirmed)
2026-08-19T08:47:06+0000 HEARTBEAT segments 44750/360000 (this run: 44750, 3.94 seg/s) ETA 22.23 h, members so far: 79
2026-08-19T08:48:15+0000 HEARTBEAT segments 45000/360000 (this run: 45000, 3.94 seg/s) ETA 22.23 h, members so far: 79
2026-08-19T08:49:25+0000 HEARTBEAT segments 45250/360000 (this run: 45250, 3.93 seg/s) ETA 22.22 h, members so far: 79
2026-08-19T08:50:35+0000 HEARTBEAT segments 45500/360000 (this run: 45500, 3.93 seg/s) ETA 22.22 h, members so far: 79
2026-08-19T08:51:47+0000 HEARTBEAT segments 45750/360000 (this run: 45750, 3.93 seg/s) ETA 22.21 h, members so far: 79
2026-08-19T08:52:41+0000 MEMBER m=2148325363107 sigma=4294553776128 d=2096950086 x=2048 square=False (seg 45933, confirmed)
2026-08-19T08:52:56+0000 HEARTBEAT segments 46000/360000 (this run: 46000, 3.93 seg/s) ETA 22.21 h, members so far: 80
2026-08-19T08:53:27+0000 MEMBER m=2152393808103 sigma=4304787379200 d=237006 x=18163200 square=False (seg 46095, confirmed)
2026-08-19T08:54:05+0000 HEARTBEAT segments 46250/360000 (this run: 46250, 3.93 seg/s) ETA 22.20 h, members so far: 81
2026-08-19T08:54:26+0000 MEMBER m=2157715126125 sigma=4315429872000 d=380250 x=11348928 square=False (seg 46308, confirmed)
2026-08-19T08:55:16+0000 HEARTBEAT segments 46500/360000 (this run: 46500, 3.92 seg/s) ETA 22.20 h, members so far: 82
2026-08-19T08:56:29+0000 HEARTBEAT segments 46750/360000 (this run: 46750, 3.92 seg/s) ETA 22.19 h, members so far: 82
2026-08-19T08:57:41+0000 HEARTBEAT segments 47000/360000 (this run: 47000, 3.92 seg/s) ETA 22.19 h, members so far: 82
2026-08-19T08:57:59+0000 MEMBER m=2176243433325 sigma=4352474861280 d=12005370 x=362544 square=False (seg 47049, confirmed)
2026-08-19T08:58:08+0000 MEMBER m=2177130714165 sigma=4354261401600 d=26730 x=162897920 square=False (seg 47085, confirmed)
2026-08-19T08:58:20+0000 MEMBER m=2178854190045 sigma=4357708074720 d=305370 x=14270256 square=False (seg 47154, confirmed)
2026-08-19T08:58:51+0000 HEARTBEAT segments 47250/360000 (this run: 47250, 3.92 seg/s) ETA 22.19 h, members so far: 85
2026-08-19T09:00:01+0000 HEARTBEAT segments 47500/360000 (this run: 47500, 3.91 seg/s) ETA 22.18 h, members so far: 85
2026-08-19T09:00:17+0000 MEMBER m=2188649749725 sigma=4377295728000 d=3771450 x=1160640 square=False (seg 47545, confirmed)
2026-08-19T09:01:07+0000 MEMBER m=2193206224755 sigma=4386412412928 d=36582 x=119906304 square=False (seg 47728, confirmed)
2026-08-19T09:01:14+0000 HEARTBEAT segments 47750/360000 (this run: 47750, 3.91 seg/s) ETA 22.18 h, members so far: 87
2026-08-19T09:02:26+0000 HEARTBEAT segments 48000/360000 (this run: 48000, 3.91 seg/s) ETA 22.17 h, members so far: 87
2026-08-19T09:03:38+0000 HEARTBEAT segments 48250/360000 (this run: 48250, 3.91 seg/s) ETA 22.17 h, members so far: 87
2026-08-19T09:04:48+0000 HEARTBEAT segments 48500/360000 (this run: 48500, 3.90 seg/s) ETA 22.16 h, members so far: 87
2026-08-19T09:05:59+0000 HEARTBEAT segments 48750/360000 (this run: 48750, 3.90 seg/s) ETA 22.16 h, members so far: 87
2026-08-19T09:07:10+0000 HEARTBEAT segments 49000/360000 (this run: 49000, 3.90 seg/s) ETA 22.15 h, members so far: 87
2026-08-19T09:08:21+0000 HEARTBEAT segments 49250/360000 (this run: 49250, 3.90 seg/s) ETA 22.15 h, members so far: 87
2026-08-19T09:08:26+0000 MEMBER m=2232068403825 sigma=4464076780800 d=60026850 x=74368 square=False (seg 49282, confirmed)
2026-08-19T09:09:23+0000 MEMBER m=2236529863035 sigma=4473059660160 d=65910 x=67866176 square=False (seg 49461, confirmed)
2026-08-19T09:09:32+0000 HEARTBEAT segments 49500/360000 (this run: 49500, 3.90 seg/s) ETA 22.14 h, members so far: 89
2026-08-19T09:10:43+0000 HEARTBEAT segments 49750/360000 (this run: 49750, 3.89 seg/s) ETA 22.14 h, members so far: 89
2026-08-19T09:11:39+0000 MEMBER m=2248815894975 sigma=4497557356656 d=74433294 x=60424 square=False (seg 49952, confirmed)
2026-08-19T09:11:56+0000 HEARTBEAT segments 50000/360000 (this run: 50000, 3.89 seg/s) ETA 22.13 h, members so far: 90
2026-08-19T09:13:03+0000 MEMBER m=2256200620425 sigma=4512401187840 d=53010 x=85123584 square=False (seg 50248, confirmed)
2026-08-19T09:13:07+0000 HEARTBEAT segments 50250/360000 (this run: 50250, 3.89 seg/s) ETA 22.13 h, members so far: 91
2026-08-19T09:14:17+0000 HEARTBEAT segments 50500/360000 (this run: 50500, 3.89 seg/s) ETA 22.12 h, members so far: 91
2026-08-19T09:15:28+0000 HEARTBEAT segments 50750/360000 (this run: 50750, 3.88 seg/s) ETA 22.11 h, members so far: 91
2026-08-19T09:16:41+0000 HEARTBEAT segments 51000/360000 (this run: 51000, 3.88 seg/s) ETA 22.11 h, members so far: 91
2026-08-19T09:17:21+0000 MEMBER m=2277877067775 sigma=4555754038080 d=97470 x=46740064 square=False (seg 51115, confirmed)
2026-08-19T09:17:52+0000 HEARTBEAT segments 51250/360000 (this run: 51250, 3.88 seg/s) ETA 22.10 h, members so far: 92
2026-08-19T09:19:04+0000 HEARTBEAT segments 51500/360000 (this run: 51500, 3.88 seg/s) ETA 22.10 h, members so far: 92
2026-08-19T09:20:15+0000 HEARTBEAT segments 51750/360000 (this run: 51750, 3.88 seg/s) ETA 22.09 h, members so far: 92
2026-08-19T09:21:28+0000 HEARTBEAT segments 52000/360000 (this run: 52000, 3.87 seg/s) ETA 22.08 h, members so far: 92
2026-08-19T09:22:23+0000 MEMBER m=2304412899165 sigma=4608825661440 d=136890 x=33668096 square=False (seg 52176, confirmed)
2026-08-19T09:22:40+0000 HEARTBEAT segments 52250/360000 (this run: 52250, 3.87 seg/s) ETA 22.08 h, members so far: 93
2026-08-19T09:23:52+0000 HEARTBEAT segments 52500/360000 (this run: 52500, 3.87 seg/s) ETA 22.07 h, members so far: 93
2026-08-19T09:25:03+0000 HEARTBEAT segments 52750/360000 (this run: 52750, 3.87 seg/s) ETA 22.07 h, members so far: 93
2026-08-19T09:26:17+0000 HEARTBEAT segments 53000/360000 (this run: 53000, 3.87 seg/s) ETA 22.06 h, members so far: 93
2026-08-19T09:27:28+0000 HEARTBEAT segments 53250/360000 (this run: 53250, 3.86 seg/s) ETA 22.06 h, members so far: 93
2026-08-19T09:28:39+0000 HEARTBEAT segments 53500/360000 (this run: 53500, 3.86 seg/s) ETA 22.05 h, members so far: 93
2026-08-19T09:29:50+0000 HEARTBEAT segments 53750/360000 (this run: 53750, 3.86 seg/s) ETA 22.04 h, members so far: 93
2026-08-19T09:31:05+0000 HEARTBEAT segments 54000/360000 (this run: 54000, 3.86 seg/s) ETA 22.04 h, members so far: 93
2026-08-19T09:32:18+0000 HEARTBEAT segments 54250/360000 (this run: 54250, 3.85 seg/s) ETA 22.03 h, members so far: 93
2026-08-19T09:33:25+0000 MEMBER m=2361631764765 sigma=4723240919040 d=22610490 x=208896 square=False (seg 54465, confirmed)
2026-08-19T09:33:26+0000 MEMBER m=2361890782251 sigma=4723771852800 d=9711702 x=486400 square=False (seg 54475, confirmed)
2026-08-19T09:33:29+0000 HEARTBEAT segments 54500/360000 (this run: 54500, 3.85 seg/s) ETA 22.02 h, members so far: 95
2026-08-19T09:34:41+0000 HEARTBEAT segments 54750/360000 (this run: 54750, 3.85 seg/s) ETA 22.02 h, members so far: 95
2026-08-19T09:35:54+0000 HEARTBEAT segments 55000/360000 (this run: 55000, 3.85 seg/s) ETA 22.01 h, members so far: 95
2026-08-19T09:37:07+0000 HEARTBEAT segments 55250/360000 (this run: 55250, 3.85 seg/s) ETA 22.01 h, members so far: 95
2026-08-19T09:38:18+0000 HEARTBEAT segments 55500/360000 (this run: 55500, 3.85 seg/s) ETA 22.00 h, members so far: 95
2026-08-19T09:39:31+0000 HEARTBEAT segments 55750/360000 (this run: 55750, 3.84 seg/s) ETA 21.99 h, members so far: 95
2026-08-19T09:40:44+0000 HEARTBEAT segments 56000/360000 (this run: 56000, 3.84 seg/s) ETA 21.98 h, members so far: 95
2026-08-19T09:41:05+0000 MEMBER m=2401507222335 sigma=4802567777280 d=446667390 x=10752 square=False (seg 56060, confirmed)
2026-08-19T09:41:59+0000 HEARTBEAT segments 56250/360000 (this run: 56250, 3.84 seg/s) ETA 21.98 h, members so far: 96
2026-08-19T09:43:10+0000 HEARTBEAT segments 56500/360000 (this run: 56500, 3.84 seg/s) ETA 21.97 h, members so far: 96
2026-08-19T09:44:03+0000 MEMBER m=2417357903175 sigma=4834715558400 d=247950 x=19498752 square=False (seg 56694, confirmed)
2026-08-19T09:44:24+0000 HEARTBEAT segments 56750/360000 (this run: 56750, 3.83 seg/s) ETA 21.97 h, members so far: 97
2026-08-19T09:45:32+0000 MEMBER m=2424245324325 sigma=4848489676800 d=971850 x=4988928 square=False (seg 56969, confirmed)
2026-08-19T09:45:38+0000 HEARTBEAT segments 57000/360000 (this run: 57000, 3.83 seg/s) ETA 21.96 h, members so far: 98
2026-08-19T09:46:52+0000 HEARTBEAT segments 57250/360000 (this run: 57250, 3.83 seg/s) ETA 21.96 h, members so far: 98
2026-08-19T09:46:55+0000 MEMBER m=2431856851875 sigma=4863693120000 d=20583750 x=236288 square=False (seg 57274, confirmed)
2026-08-19T09:48:04+0000 HEARTBEAT segments 57500/360000 (this run: 57500, 3.83 seg/s) ETA 21.95 h, members so far: 99
2026-08-19T09:49:17+0000 HEARTBEAT segments 57750/360000 (this run: 57750, 3.83 seg/s) ETA 21.94 h, members so far: 99
2026-08-19T09:49:29+0000 MEMBER m=2444992807257 sigma=4889982254976 d=3359538 x=1455552 square=False (seg 57799, confirmed)
2026-08-19T09:50:31+0000 HEARTBEAT segments 58000/360000 (this run: 58000, 3.82 seg/s) ETA 21.94 h, members so far: 100
2026-08-19T09:50:52+0000 MEMBER m=2452115066775 sigma=4904219443200 d=10690350 x=458752 square=False (seg 58084, confirmed)
2026-08-19T09:51:45+0000 HEARTBEAT segments 58250/360000 (this run: 58250, 3.82 seg/s) ETA 21.93 h, members so far: 101
2026-08-19T09:53:00+0000 HEARTBEAT segments 58500/360000 (this run: 58500, 3.82 seg/s) ETA 21.93 h, members so far: 101
2026-08-19T09:54:12+0000 HEARTBEAT segments 58750/360000 (this run: 58750, 3.82 seg/s) ETA 21.92 h, members so far: 101
2026-08-19T09:55:26+0000 HEARTBEAT segments 59000/360000 (this run: 59000, 3.82 seg/s) ETA 21.91 h, members so far: 101
2026-08-19T09:56:41+0000 HEARTBEAT segments 59250/360000 (this run: 59250, 3.81 seg/s) ETA 21.91 h, members so far: 101
2026-08-19T09:57:55+0000 HEARTBEAT segments 59500/360000 (this run: 59500, 3.81 seg/s) ETA 21.90 h, members so far: 101
2026-08-19T09:59:07+0000 HEARTBEAT segments 59750/360000 (this run: 59750, 3.81 seg/s) ETA 21.89 h, members so far: 101
2026-08-19T10:00:21+0000 HEARTBEAT segments 60000/360000 (this run: 60000, 3.81 seg/s) ETA 21.88 h, members so far: 101
2026-08-19T10:01:38+0000 HEARTBEAT segments 60250/360000 (this run: 60250, 3.81 seg/s) ETA 21.88 h, members so far: 101
2026-08-19T10:02:51+0000 HEARTBEAT segments 60500/360000 (this run: 60500, 3.80 seg/s) ETA 21.87 h, members so far: 101
2026-08-19T10:04:04+0000 HEARTBEAT segments 60750/360000 (this run: 60750, 3.80 seg/s) ETA 21.86 h, members so far: 101
2026-08-19T10:04:32+0000 MEMBER m=2521053903555 sigma=5042107699200 d=107910 x=46725120 square=False (seg 60842, confirmed)
2026-08-19T10:05:18+0000 HEARTBEAT segments 61000/360000 (this run: 61000, 3.80 seg/s) ETA 21.86 h, members so far: 102
2026-08-19T10:06:33+0000 HEARTBEAT segments 61250/360000 (this run: 61250, 3.80 seg/s) ETA 21.85 h, members so far: 102
2026-08-19T10:07:47+0000 HEARTBEAT segments 61500/360000 (this run: 61500, 3.80 seg/s) ETA 21.84 h, members so far: 102
2026-08-19T10:09:01+0000 HEARTBEAT segments 61750/360000 (this run: 61750, 3.79 seg/s) ETA 21.84 h, members so far: 102
2026-08-19T10:09:06+0000 MEMBER m=2544525842985 sigma=5089051618560 d=67410 x=75494016 square=False (seg 61781, confirmed)
2026-08-19T10:10:15+0000 HEARTBEAT segments 62000/360000 (this run: 62000, 3.79 seg/s) ETA 21.83 h, members so far: 103
2026-08-19T10:11:32+0000 HEARTBEAT segments 62250/360000 (this run: 62250, 3.79 seg/s) ETA 21.83 h, members so far: 103
2026-08-19T10:12:46+0000 HEARTBEAT segments 62500/360000 (this run: 62500, 3.79 seg/s) ETA 21.82 h, members so far: 103
2026-08-19T10:13:59+0000 HEARTBEAT segments 62750/360000 (this run: 62750, 3.79 seg/s) ETA 21.81 h, members so far: 103
2026-08-19T10:14:46+0000 MEMBER m=2573060680125 sigma=5142665268000 d=3456092250 x=1488 square=False (seg 62922, confirmed)
2026-08-19T10:15:13+0000 HEARTBEAT segments 63000/360000 (this run: 63000, 3.78 seg/s) ETA 21.80 h, members so far: 104
2026-08-19T10:16:30+0000 HEARTBEAT segments 63250/360000 (this run: 63250, 3.78 seg/s) ETA 21.80 h, members so far: 104
2026-08-19T10:16:55+0000 MEMBER m=2583230098815 sigma=5166459936000 d=261630 x=19747200 square=False (seg 63329, confirmed)
2026-08-19T10:17:45+0000 HEARTBEAT segments 63500/360000 (this run: 63500, 3.78 seg/s) ETA 21.79 h, members so far: 105
2026-08-19T10:18:06+0000 MEMBER m=2589038979945 sigma=5178076968960 d=990930 x=5225472 square=False (seg 63561, confirmed)
2026-08-19T10:18:59+0000 HEARTBEAT segments 63750/360000 (this run: 63750, 3.78 seg/s) ETA 21.78 h, members so far: 106
2026-08-19T10:19:17+0000 MEMBER m=2594930712075 sigma=5189489257680 d=372166470 x=13944 square=False (seg 63797, confirmed)
2026-08-19T10:20:15+0000 HEARTBEAT segments 64000/360000 (this run: 64000, 3.78 seg/s) ETA 21.78 h, members so far: 107
2026-08-19T10:21:32+0000 HEARTBEAT segments 64250/360000 (this run: 64250, 3.77 seg/s) ETA 21.77 h, members so far: 107
2026-08-19T10:22:46+0000 HEARTBEAT segments 64500/360000 (this run: 64500, 3.77 seg/s) ETA 21.76 h, members so far: 107
2026-08-19T10:24:01+0000 HEARTBEAT segments 64750/360000 (this run: 64750, 3.77 seg/s) ETA 21.76 h, members so far: 107
2026-08-19T10:25:10+0000 MEMBER m=2624224664061 sigma=5248447940736 d=1387386 x=3782976 square=False (seg 64968, confirmed)
2026-08-19T10:25:15+0000 HEARTBEAT segments 65000/360000 (this run: 65000, 3.77 seg/s) ETA 21.75 h, members so far: 108
2026-08-19T10:26:33+0000 HEARTBEAT segments 65250/360000 (this run: 65250, 3.77 seg/s) ETA 21.74 h, members so far: 108
2026-08-19T10:27:48+0000 HEARTBEAT segments 65500/360000 (this run: 65500, 3.76 seg/s) ETA 21.74 h, members so far: 108
2026-08-19T10:29:03+0000 HEARTBEAT segments 65750/360000 (this run: 65750, 3.76 seg/s) ETA 21.73 h, members so far: 108
2026-08-19T10:30:18+0000 HEARTBEAT segments 66000/360000 (this run: 66000, 3.76 seg/s) ETA 21.72 h, members so far: 108
2026-08-19T10:31:15+0000 MEMBER m=2654991580995 sigma=5309982812160 d=349830 x=15178752 square=False (seg 66199, confirmed)
2026-08-19T10:31:37+0000 HEARTBEAT segments 66250/360000 (this run: 66250, 3.76 seg/s) ETA 21.72 h, members so far: 109
2026-08-19T10:32:50+0000 HEARTBEAT segments 66500/360000 (this run: 66500, 3.76 seg/s) ETA 21.71 h, members so far: 109
2026-08-19T10:33:01+0000 MEMBER m=2662900546995 sigma=5325801062400 d=31590 x=168591360 square=False (seg 66516, confirmed)
2026-08-19T10:34:04+0000 HEARTBEAT segments 66750/360000 (this run: 66750, 3.75 seg/s) ETA 21.70 h, members so far: 110
2026-08-19T10:35:02+0000 MEMBER m=2673260737785 sigma=5346520058880 d=1416690 x=3773952 square=False (seg 66930, confirmed)
2026-08-19T10:35:21+0000 HEARTBEAT segments 67000/360000 (this run: 67000, 3.75 seg/s) ETA 21.69 h, members so far: 111
2026-08-19T10:36:39+0000 HEARTBEAT segments 67250/360000 (this run: 67250, 3.75 seg/s) ETA 21.69 h, members so far: 111
2026-08-19T10:37:54+0000 HEARTBEAT segments 67500/360000 (this run: 67500, 3.75 seg/s) ETA 21.68 h, members so far: 111
2026-08-19T10:39:09+0000 HEARTBEAT segments 67750/360000 (this run: 67750, 3.75 seg/s) ETA 21.67 h, members so far: 111
2026-08-19T10:40:01+0000 MEMBER m=2698187006835 sigma=5396373964800 d=48870 x=110423040 square=False (seg 67927, confirmed)
2026-08-19T10:40:25+0000 HEARTBEAT segments 68000/360000 (this run: 68000, 3.74 seg/s) ETA 21.66 h, members so far: 112
2026-08-19T10:40:41+0000 MEMBER m=2701530809901 sigma=5403061407744 d=212058 x=25479168 square=False (seg 68061, confirmed)
2026-08-19T10:41:44+0000 HEARTBEAT segments 68250/360000 (this run: 68250, 3.74 seg/s) ETA 21.66 h, members so far: 113
2026-08-19T10:42:01+0000 MEMBER m=2707790238855 sigma=5415580477440 d=270 x=20057705472 square=False (seg 68311, confirmed)
2026-08-19T10:42:58+0000 HEARTBEAT segments 68500/360000 (this run: 68500, 3.74 seg/s) ETA 21.65 h, members so far: 114
2026-08-19T10:44:13+0000 HEARTBEAT segments 68750/360000 (this run: 68750, 3.74 seg/s) ETA 21.64 h, members so far: 114
2026-08-19T10:45:29+0000 HEARTBEAT segments 69000/360000 (this run: 69000, 3.74 seg/s) ETA 21.63 h, members so far: 114
2026-08-19T10:46:49+0000 HEARTBEAT segments 69250/360000 (this run: 69250, 3.73 seg/s) ETA 21.63 h, members so far: 114
2026-08-19T10:48:03+0000 HEARTBEAT segments 69500/360000 (this run: 69500, 3.73 seg/s) ETA 21.62 h, members so far: 114
2026-08-19T10:49:18+0000 HEARTBEAT segments 69750/360000 (this run: 69750, 3.73 seg/s) ETA 21.61 h, members so far: 114
2026-08-19T10:50:35+0000 HEARTBEAT segments 70000/360000 (this run: 70000, 3.73 seg/s) ETA 21.60 h, members so far: 114
2026-08-19T10:51:52+0000 HEARTBEAT segments 70250/360000 (this run: 70250, 3.73 seg/s) ETA 21.59 h, members so far: 114
2026-08-19T10:53:09+0000 HEARTBEAT segments 70500/360000 (this run: 70500, 3.73 seg/s) ETA 21.59 h, members so far: 114
2026-08-19T10:54:24+0000 HEARTBEAT segments 70750/360000 (this run: 70750, 3.72 seg/s) ETA 21.58 h, members so far: 114
2026-08-19T10:55:39+0000 HEARTBEAT segments 71000/360000 (this run: 71000, 3.72 seg/s) ETA 21.57 h, members so far: 114
2026-08-19T10:56:27+0000 MEMBER m=2779174574505 sigma=5558349139200 d=9810 x=566600320 square=False (seg 71166, confirmed)
2026-08-19T10:56:57+0000 HEARTBEAT segments 71250/360000 (this run: 71250, 3.72 seg/s) ETA 21.56 h, members so far: 115
2026-08-19T10:58:14+0000 HEARTBEAT segments 71500/360000 (this run: 71500, 3.72 seg/s) ETA 21.55 h, members so far: 115
2026-08-19T10:59:32+0000 HEARTBEAT segments 71750/360000 (this run: 71750, 3.72 seg/s) ETA 21.55 h, members so far: 115
2026-08-19T11:00:48+0000 HEARTBEAT segments 72000/360000 (this run: 72000, 3.71 seg/s) ETA 21.54 h, members so far: 115
2026-08-19T11:01:01+0000 MEMBER m=2800804737675 sigma=5601609474048 d=1302 x=4302311424 square=False (seg 72032, confirmed)
2026-08-19T11:02:05+0000 HEARTBEAT segments 72250/360000 (this run: 72250, 3.71 seg/s) ETA 21.53 h, members so far: 116
2026-08-19T11:03:21+0000 HEARTBEAT segments 72500/360000 (this run: 72500, 3.71 seg/s) ETA 21.52 h, members so far: 116
2026-08-19T11:04:38+0000 HEARTBEAT segments 72750/360000 (this run: 72750, 3.71 seg/s) ETA 21.51 h, members so far: 116
2026-08-19T11:05:55+0000 HEARTBEAT segments 73000/360000 (this run: 73000, 3.71 seg/s) ETA 21.50 h, members so far: 116
2026-08-19T11:07:13+0000 HEARTBEAT segments 73250/360000 (this run: 73250, 3.71 seg/s) ETA 21.50 h, members so far: 116
2026-08-19T11:08:30+0000 HEARTBEAT segments 73500/360000 (this run: 73500, 3.70 seg/s) ETA 21.49 h, members so far: 116
2026-08-19T11:09:48+0000 HEARTBEAT segments 73750/360000 (this run: 73750, 3.70 seg/s) ETA 21.48 h, members so far: 116
2026-08-19T11:11:06+0000 HEARTBEAT segments 74000/360000 (this run: 74000, 3.70 seg/s) ETA 21.47 h, members so far: 116
2026-08-19T11:11:33+0000 MEMBER m=2851860372669 sigma=5703704233920 d=16511418 x=345440 square=False (seg 74074, confirmed)
2026-08-19T11:12:25+0000 HEARTBEAT segments 74250/360000 (this run: 74250, 3.70 seg/s) ETA 21.47 h, members so far: 117
2026-08-19T11:13:42+0000 HEARTBEAT segments 74500/360000 (this run: 74500, 3.70 seg/s) ETA 21.46 h, members so far: 117
2026-08-19T11:15:00+0000 HEARTBEAT segments 74750/360000 (this run: 74750, 3.69 seg/s) ETA 21.45 h, members so far: 117
2026-08-19T11:16:22+0000 HEARTBEAT segments 75000/360000 (this run: 75000, 3.69 seg/s) ETA 21.45 h, members so far: 117
2026-08-19T11:16:35+0000 MEMBER m=2875841963631 sigma=5745698824320 d=5985102942 x=960 square=False (seg 75033, confirmed)
2026-08-19T11:17:40+0000 HEARTBEAT segments 75250/360000 (this run: 75250, 3.69 seg/s) ETA 21.44 h, members so far: 118
2026-08-19T11:18:56+0000 HEARTBEAT segments 75500/360000 (this run: 75500, 3.69 seg/s) ETA 21.43 h, members so far: 118
2026-08-19T11:20:14+0000 HEARTBEAT segments 75750/360000 (this run: 75750, 3.69 seg/s) ETA 21.42 h, members so far: 118
2026-08-19T11:21:33+0000 HEARTBEAT segments 76000/360000 (this run: 76000, 3.68 seg/s) ETA 21.41 h, members so far: 118
2026-08-19T11:22:28+0000 MEMBER m=2904734438595 sigma=5809468863744 d=13446 x=432059264 square=False (seg 76189, confirmed)
2026-08-19T11:22:51+0000 HEARTBEAT segments 76250/360000 (this run: 76250, 3.68 seg/s) ETA 21.40 h, members so far: 119
2026-08-19T11:24:09+0000 HEARTBEAT segments 76500/360000 (this run: 76500, 3.68 seg/s) ETA 21.40 h, members so far: 119
2026-08-19T11:25:26+0000 HEARTBEAT segments 76750/360000 (this run: 76750, 3.68 seg/s) ETA 21.39 h, members so far: 119
2026-08-19T11:25:52+0000 MEMBER m=2921050147743 sigma=5841896546304 d=203749182 x=28672 square=False (seg 76842, confirmed)
2026-08-19T11:26:27+0000 MEMBER m=2923812880275 sigma=5847625728000 d=32550 x=179650560 square=False (seg 76952, confirmed)
2026-08-19T11:26:47+0000 HEARTBEAT segments 77000/360000 (this run: 77000, 3.68 seg/s) ETA 21.38 h, members so far: 121
2026-08-19T11:28:05+0000 HEARTBEAT segments 77250/360000 (this run: 77250, 3.68 seg/s) ETA 21.37 h, members so far: 121
2026-08-19T11:29:23+0000 HEARTBEAT segments 77500/360000 (this run: 77500, 3.67 seg/s) ETA 21.36 h, members so far: 121
2026-08-19T11:30:42+0000 HEARTBEAT segments 77750/360000 (this run: 77750, 3.67 seg/s) ETA 21.36 h, members so far: 121
2026-08-19T11:32:00+0000 HEARTBEAT segments 78000/360000 (this run: 78000, 3.67 seg/s) ETA 21.35 h, members so far: 121
2026-08-19T11:33:17+0000 HEARTBEAT segments 78250/360000 (this run: 78250, 3.67 seg/s) ETA 21.34 h, members so far: 121
2026-08-19T11:34:10+0000 MEMBER m=2960793544401 sigma=5921585429760 d=1659042 x=3569280 square=False (seg 78431, confirmed)
2026-08-19T11:34:34+0000 HEARTBEAT segments 78500/360000 (this run: 78500, 3.67 seg/s) ETA 21.33 h, members so far: 122
2026-08-19T11:35:54+0000 HEARTBEAT segments 78750/360000 (this run: 78750, 3.66 seg/s) ETA 21.32 h, members so far: 122
2026-08-19T11:36:12+0000 MEMBER m=2969809920675 sigma=5939619840000 d=1350 x=4399718400 square=False (seg 78792, confirmed)
2026-08-19T11:37:14+0000 HEARTBEAT segments 79000/360000 (this run: 79000, 3.66 seg/s) ETA 21.31 h, members so far: 123
2026-08-19T11:38:16+0000 MEMBER m=2980315145535 sigma=5960630108160 d=182910 x=32587776 square=False (seg 79212, confirmed)
2026-08-19T11:38:31+0000 HEARTBEAT segments 79250/360000 (this run: 79250, 3.66 seg/s) ETA 21.30 h, members so far: 124
2026-08-19T11:39:32+0000 MEMBER m=2986378349175 sigma=5972756608000 d=90350 x=66106880 square=False (seg 79455, confirmed)
2026-08-19T11:39:49+0000 HEARTBEAT segments 79500/360000 (this run: 79500, 3.66 seg/s) ETA 21.29 h, members so far: 125
2026-08-19T11:41:10+0000 HEARTBEAT segments 79750/360000 (this run: 79750, 3.66 seg/s) ETA 21.28 h, members so far: 125
2026-08-19T11:41:21+0000 MEMBER m=2994487080975 sigma=5988972236800 d=1925150 x=3110912 square=False (seg 79779, confirmed)
2026-08-19T11:42:27+0000 HEARTBEAT segments 80000/360000 (this run: 80000, 3.66 seg/s) ETA 21.27 h, members so far: 126
2026-08-19T11:43:47+0000 HEARTBEAT segments 80250/360000 (this run: 80250, 3.65 seg/s) ETA 21.27 h, members so far: 126
2026-08-19T11:44:20+0000 MEMBER m=3008688883785 sigma=6017377766400 d=1170 x=5143057920 square=False (seg 80347, confirmed)
2026-08-19T11:45:05+0000 HEARTBEAT segments 80500/360000 (this run: 80500, 3.65 seg/s) ETA 21.26 h, members so far: 127
2026-08-19T11:46:26+0000 HEARTBEAT segments 80750/360000 (this run: 80750, 3.65 seg/s) ETA 21.25 h, members so far: 127
2026-08-19T11:47:44+0000 HEARTBEAT segments 81000/360000 (this run: 81000, 3.65 seg/s) ETA 21.24 h, members so far: 127
2026-08-19T11:49:03+0000 HEARTBEAT segments 81250/360000 (this run: 81250, 3.65 seg/s) ETA 21.23 h, members so far: 127
2026-08-19T11:50:22+0000 HEARTBEAT segments 81500/360000 (this run: 81500, 3.65 seg/s) ETA 21.22 h, members so far: 127
2026-08-19T11:51:42+0000 HEARTBEAT segments 81750/360000 (this run: 81750, 3.64 seg/s) ETA 21.21 h, members so far: 127
2026-08-19T11:53:00+0000 HEARTBEAT segments 82000/360000 (this run: 82000, 3.64 seg/s) ETA 21.20 h, members so far: 127
2026-08-19T11:54:18+0000 HEARTBEAT segments 82250/360000 (this run: 82250, 3.64 seg/s) ETA 21.19 h, members so far: 127
2026-08-19T11:55:38+0000 HEARTBEAT segments 82500/360000 (this run: 82500, 3.64 seg/s) ETA 21.18 h, members so far: 127
2026-08-19T11:57:00+0000 HEARTBEAT segments 82750/360000 (this run: 82750, 3.64 seg/s) ETA 21.18 h, members so far: 127
2026-08-19T11:58:19+0000 HEARTBEAT segments 83000/360000 (this run: 83000, 3.63 seg/s) ETA 21.17 h, members so far: 127
2026-08-19T11:59:38+0000 HEARTBEAT segments 83250/360000 (this run: 83250, 3.63 seg/s) ETA 21.16 h, members so far: 127
2026-08-19T12:00:57+0000 HEARTBEAT segments 83500/360000 (this run: 83500, 3.63 seg/s) ETA 21.15 h, members so far: 127
2026-08-19T12:01:38+0000 MEMBER m=3090761186877 sigma=6181512599808 d=9773946 x=632448 square=False (seg 83630, confirmed)
2026-08-19T12:02:16+0000 HEARTBEAT segments 83750/360000 (this run: 83750, 3.63 seg/s) ETA 21.14 h, members so far: 128
2026-08-19T12:03:35+0000 HEARTBEAT segments 84000/360000 (this run: 84000, 3.63 seg/s) ETA 21.13 h, members so far: 128
2026-08-19T12:04:53+0000 HEARTBEAT segments 84250/360000 (this run: 84250, 3.63 seg/s) ETA 21.12 h, members so far: 128
2026-08-19T12:06:13+0000 HEARTBEAT segments 84500/360000 (this run: 84500, 3.63 seg/s) ETA 21.11 h, members so far: 128
2026-08-19T12:06:25+0000 MEMBER m=3113734443705 sigma=6227468697600 d=189810 x=32808960 square=False (seg 84549, confirmed)
2026-08-19T12:07:33+0000 HEARTBEAT segments 84750/360000 (this run: 84750, 3.62 seg/s) ETA 21.10 h, members so far: 129
2026-08-19T12:08:53+0000 HEARTBEAT segments 85000/360000 (this run: 85000, 3.62 seg/s) ETA 21.09 h, members so far: 129
2026-08-19T12:10:12+0000 HEARTBEAT segments 85250/360000 (this run: 85250, 3.62 seg/s) ETA 21.08 h, members so far: 129
2026-08-19T12:11:33+0000 HEARTBEAT segments 85500/360000 (this run: 85500, 3.62 seg/s) ETA 21.07 h, members so far: 129
2026-08-19T12:12:53+0000 HEARTBEAT segments 85750/360000 (this run: 85750, 3.62 seg/s) ETA 21.06 h, members so far: 129
2026-08-19T12:14:11+0000 HEARTBEAT segments 86000/360000 (this run: 86000, 3.62 seg/s) ETA 21.05 h, members so far: 129
2026-08-19T12:15:31+0000 HEARTBEAT segments 86250/360000 (this run: 86250, 3.61 seg/s) ETA 21.04 h, members so far: 129
2026-08-19T12:16:12+0000 MEMBER m=3159715761279 sigma=6318809592480 d=621930078 x=10160 square=False (seg 86388, confirmed)
2026-08-19T12:16:52+0000 HEARTBEAT segments 86500/360000 (this run: 86500, 3.61 seg/s) ETA 21.03 h, members so far: 130
2026-08-19T12:18:12+0000 HEARTBEAT segments 86750/360000 (this run: 86750, 3.61 seg/s) ETA 21.02 h, members so far: 130
2026-08-19T12:19:31+0000 HEARTBEAT segments 87000/360000 (this run: 87000, 3.61 seg/s) ETA 21.01 h, members so far: 130
2026-08-19T12:20:51+0000 MEMBER m=3180864062805 sigma=6361718538240 d=9587370 x=663552 square=False (seg 87234, confirmed)
2026-08-19T12:20:52+0000 HEARTBEAT segments 87250/360000 (this run: 87250, 3.61 seg/s) ETA 21.00 h, members so far: 131
2026-08-19T12:22:12+0000 HEARTBEAT segments 87500/360000 (this run: 87500, 3.61 seg/s) ETA 20.99 h, members so far: 131
2026-08-19T12:23:31+0000 HEARTBEAT segments 87750/360000 (this run: 87750, 3.60 seg/s) ETA 20.98 h, members so far: 131
2026-08-19T12:24:49+0000 HEARTBEAT segments 88000/360000 (this run: 88000, 3.60 seg/s) ETA 20.97 h, members so far: 131
2026-08-19T12:26:11+0000 HEARTBEAT segments 88250/360000 (this run: 88250, 3.60 seg/s) ETA 20.96 h, members so far: 131
2026-08-19T12:27:28+0000 MEMBER m=3211977665169 sigma=6423924858624 d=30471714 x=210816 square=False (seg 88479, confirmed)
2026-08-19T12:27:30+0000 HEARTBEAT segments 88500/360000 (this run: 88500, 3.60 seg/s) ETA 20.95 h, members so far: 132
2026-08-19T12:27:40+0000 MEMBER m=3213642890367 sigma=6426449003520 d=836777214 x=7680 square=False (seg 88545, confirmed)
2026-08-19T12:28:50+0000 HEARTBEAT segments 88750/360000 (this run: 88750, 3.60 seg/s) ETA 20.94 h, members so far: 133
2026-08-19T12:30:10+0000 HEARTBEAT segments 89000/360000 (this run: 89000, 3.60 seg/s) ETA 20.93 h, members so far: 133
2026-08-19T12:31:32+0000 HEARTBEAT segments 89250/360000 (this run: 89250, 3.59 seg/s) ETA 20.92 h, members so far: 133
2026-08-19T12:32:04+0000 MEMBER m=3234046660299 sigma=6468067831680 d=25488918 x=253760 square=False (seg 89361, confirmed)
2026-08-19T12:32:53+0000 HEARTBEAT segments 89500/360000 (this run: 89500, 3.59 seg/s) ETA 20.91 h, members so far: 134
2026-08-19T12:34:13+0000 HEARTBEAT segments 89750/360000 (this run: 89750, 3.59 seg/s) ETA 20.90 h, members so far: 134
2026-08-19T12:35:34+0000 HEARTBEAT segments 90000/360000 (this run: 90000, 3.59 seg/s) ETA 20.89 h, members so far: 134
2026-08-19T12:35:56+0000 MEMBER m=3251439699255 sigma=6502877821440 d=1577070 x=4123392 square=False (seg 90057, confirmed)
2026-08-19T12:36:48+0000 MEMBER m=3255721734447 sigma=6511108810752 d=334658142 x=19456 square=False (seg 90228, confirmed)
2026-08-19T12:36:55+0000 HEARTBEAT segments 90250/360000 (this run: 90250, 3.59 seg/s) ETA 20.88 h, members so far: 136
2026-08-19T12:38:14+0000 HEARTBEAT segments 90500/360000 (this run: 90500, 3.59 seg/s) ETA 20.87 h, members so far: 136
2026-08-19T12:39:06+0000 MEMBER m=3266887693797 sigma=6533735539968 d=39847626 x=163968 square=False (seg 90675, confirmed)
2026-08-19T12:39:36+0000 HEARTBEAT segments 90750/360000 (this run: 90750, 3.59 seg/s) ETA 20.86 h, members so far: 137
2026-08-19T12:40:05+0000 MEMBER m=3271365378015 sigma=6542730754560 d=1470 x=4450837248 square=False (seg 90854, confirmed)
2026-08-19T12:40:57+0000 HEARTBEAT segments 91000/360000 (this run: 91000, 3.58 seg/s) ETA 20.85 h, members so far: 138
2026-08-19T12:42:19+0000 HEARTBEAT segments 91250/360000 (this run: 91250, 3.58 seg/s) ETA 20.84 h, members so far: 138
2026-08-19T12:43:39+0000 HEARTBEAT segments 91500/360000 (this run: 91500, 3.58 seg/s) ETA 20.83 h, members so far: 138
2026-08-19T12:45:00+0000 HEARTBEAT segments 91750/360000 (this run: 91750, 3.58 seg/s) ETA 20.82 h, members so far: 138
2026-08-19T12:46:22+0000 HEARTBEAT segments 92000/360000 (this run: 92000, 3.58 seg/s) ETA 20.81 h, members so far: 138
2026-08-19T12:47:17+0000 MEMBER m=3303898733655 sigma=6607797460992 d=6318 x=1045868544 square=False (seg 92155, confirmed)
2026-08-19T12:47:42+0000 HEARTBEAT segments 92250/360000 (this run: 92250, 3.58 seg/s) ETA 20.80 h, members so far: 139
2026-08-19T12:49:04+0000 HEARTBEAT segments 92500/360000 (this run: 92500, 3.57 seg/s) ETA 20.79 h, members so far: 139
2026-08-19T12:50:25+0000 HEARTBEAT segments 92750/360000 (this run: 92750, 3.57 seg/s) ETA 20.78 h, members so far: 139
2026-08-19T12:51:47+0000 HEARTBEAT segments 93000/360000 (this run: 93000, 3.57 seg/s) ETA 20.77 h, members so far: 139
2026-08-19T12:53:10+0000 HEARTBEAT segments 93250/360000 (this run: 93250, 3.57 seg/s) ETA 20.76 h, members so far: 139
2026-08-19T12:54:31+0000 HEARTBEAT segments 93500/360000 (this run: 93500, 3.57 seg/s) ETA 20.75 h, members so far: 139
2026-08-19T12:55:52+0000 HEARTBEAT segments 93750/360000 (this run: 93750, 3.57 seg/s) ETA 20.74 h, members so far: 139
2026-08-19T12:57:14+0000 HEARTBEAT segments 94000/360000 (this run: 94000, 3.56 seg/s) ETA 20.73 h, members so far: 139
2026-08-19T12:58:35+0000 HEARTBEAT segments 94250/360000 (this run: 94250, 3.56 seg/s) ETA 20.72 h, members so far: 139
2026-08-19T12:59:57+0000 HEARTBEAT segments 94500/360000 (this run: 94500, 3.56 seg/s) ETA 20.71 h, members so far: 139
2026-08-19T13:01:21+0000 HEARTBEAT segments 94750/360000 (this run: 94750, 3.56 seg/s) ETA 20.70 h, members so far: 139
2026-08-19T13:02:41+0000 HEARTBEAT segments 95000/360000 (this run: 95000, 3.56 seg/s) ETA 20.69 h, members so far: 139
2026-08-19T13:04:02+0000 HEARTBEAT segments 95250/360000 (this run: 95250, 3.56 seg/s) ETA 20.67 h, members so far: 139
2026-08-19T13:05:23+0000 HEARTBEAT segments 95500/360000 (this run: 95500, 3.56 seg/s) ETA 20.66 h, members so far: 139
2026-08-19T13:06:47+0000 HEARTBEAT segments 95750/360000 (this run: 95750, 3.55 seg/s) ETA 20.65 h, members so far: 139
2026-08-19T13:08:09+0000 HEARTBEAT segments 96000/360000 (this run: 96000, 3.55 seg/s) ETA 20.64 h, members so far: 139
2026-08-19T13:08:47+0000 MEMBER m=3402628178985 sigma=6805256290560 d=67410 x=100953216 square=False (seg 96105, confirmed)
2026-08-19T13:09:31+0000 HEARTBEAT segments 96250/360000 (this run: 96250, 3.55 seg/s) ETA 20.63 h, members so far: 140
2026-08-19T13:10:55+0000 HEARTBEAT segments 96500/360000 (this run: 96500, 3.55 seg/s) ETA 20.62 h, members so far: 140
2026-08-19T13:12:18+0000 HEARTBEAT segments 96750/360000 (this run: 96750, 3.55 seg/s) ETA 20.61 h, members so far: 140
2026-08-19T13:12:21+0000 MEMBER m=3418767129195 sigma=6781025710800 d=56508547590 x=120 square=False (seg 96750, confirmed)
2026-08-19T13:13:39+0000 HEARTBEAT segments 97000/360000 (this run: 97000, 3.55 seg/s) ETA 20.60 h, members so far: 141
2026-08-19T13:14:59+0000 HEARTBEAT segments 97250/360000 (this run: 97250, 3.54 seg/s) ETA 20.59 h, members so far: 141
2026-08-19T13:16:24+0000 HEARTBEAT segments 97500/360000 (this run: 97500, 3.54 seg/s) ETA 20.58 h, members so far: 141
2026-08-19T13:17:46+0000 HEARTBEAT segments 97750/360000 (this run: 97750, 3.54 seg/s) ETA 20.57 h, members so far: 141
2026-08-19T13:19:08+0000 HEARTBEAT segments 98000/360000 (this run: 98000, 3.54 seg/s) ETA 20.56 h, members so far: 141
2026-08-19T13:20:04+0000 MEMBER m=3453796646625 sigma=6907590144000 d=3149250 x=2193408 square=False (seg 98151, confirmed)
2026-08-19T13:20:31+0000 HEARTBEAT segments 98250/360000 (this run: 98250, 3.54 seg/s) ETA 20.55 h, members so far: 142
2026-08-19T13:21:54+0000 HEARTBEAT segments 98500/360000 (this run: 98500, 3.54 seg/s) ETA 20.54 h, members so far: 142
2026-08-19T13:23:17+0000 HEARTBEAT segments 98750/360000 (this run: 98750, 3.54 seg/s) ETA 20.53 h, members so far: 142
2026-08-19T13:24:39+0000 HEARTBEAT segments 99000/360000 (this run: 99000, 3.53 seg/s) ETA 20.52 h, members so far: 142
2026-08-19T13:26:05+0000 HEARTBEAT segments 99250/360000 (this run: 99250, 3.53 seg/s) ETA 20.51 h, members so far: 142
2026-08-19T13:27:28+0000 HEARTBEAT segments 99500/360000 (this run: 99500, 3.53 seg/s) ETA 20.50 h, members so far: 142
2026-08-19T13:28:50+0000 HEARTBEAT segments 99750/360000 (this run: 99750, 3.53 seg/s) ETA 20.48 h, members so far: 142
2026-08-19T13:30:13+0000 HEARTBEAT segments 100000/360000 (this run: 100000, 3.53 seg/s) ETA 20.47 h, members so far: 142
2026-08-19T13:31:37+0000 HEARTBEAT segments 100250/360000 (this run: 100250, 3.53 seg/s) ETA 20.46 h, members so far: 142
2026-08-19T13:33:00+0000 HEARTBEAT segments 100500/360000 (this run: 100500, 3.52 seg/s) ETA 20.45 h, members so far: 142
2026-08-19T13:34:22+0000 HEARTBEAT segments 100750/360000 (this run: 100750, 3.52 seg/s) ETA 20.44 h, members so far: 142
2026-08-19T13:35:03+0000 MEMBER m=3521597864265 sigma=7043195725488 d=3042 x=2315317464 square=False (seg 100863, confirmed)
2026-08-19T13:35:05+0000 MEMBER m=3521679055245 sigma=7043358106512 d=3978 x=1770577704 square=False (seg 100867, confirmed)
2026-08-19T13:35:17+0000 MEMBER m=3522653347005 sigma=7045306678800 d=15210 x=463202280 square=False (seg 100906, confirmed)
2026-08-19T13:35:46+0000 HEARTBEAT segments 101000/360000 (this run: 101000, 3.52 seg/s) ETA 20.43 h, members so far: 145
2026-08-19T13:36:56+0000 MEMBER m=3530591960025 sigma=7061183055360 d=864690 x=8166144 square=False (seg 101223, confirmed)
2026-08-19T13:37:09+0000 HEARTBEAT segments 101250/360000 (this run: 101250, 3.52 seg/s) ETA 20.42 h, members so far: 146
2026-08-19T13:38:33+0000 HEARTBEAT segments 101500/360000 (this run: 101500, 3.52 seg/s) ETA 20.41 h, members so far: 146
2026-08-19T13:39:55+0000 HEARTBEAT segments 101750/360000 (this run: 101750, 3.52 seg/s) ETA 20.40 h, members so far: 146
2026-08-19T13:41:21+0000 HEARTBEAT segments 102000/360000 (this run: 102000, 3.52 seg/s) ETA 20.39 h, members so far: 146
2026-08-19T13:41:45+0000 MEMBER m=3551542112745 sigma=7103084212224 d=13266 x=535435264 square=False (seg 102061, confirmed)
2026-08-19T13:42:03+0000 MEMBER m=3553616678625 sigma=7107232429440 d=927810 x=7660224 square=False (seg 102144, confirmed)
2026-08-19T13:42:43+0000 HEARTBEAT segments 102250/360000 (this run: 102250, 3.51 seg/s) ETA 20.38 h, members so far: 148
2026-08-19T13:44:06+0000 HEARTBEAT segments 102500/360000 (this run: 102500, 3.51 seg/s) ETA 20.36 h, members so far: 148
2026-08-19T13:45:30+0000 HEARTBEAT segments 102750/360000 (this run: 102750, 3.51 seg/s) ETA 20.35 h, members so far: 148
2026-08-19T13:45:35+0000 MEMBER m=3568838262675 sigma=7137676492800 d=32550 x=219283456 square=False (seg 102753, confirmed)
2026-08-19T13:46:17+0000 MEMBER m=3571988974281 sigma=7143977917440 d=31122 x=229547520 square=False (seg 102879, confirmed)
2026-08-19T13:46:55+0000 HEARTBEAT segments 103000/360000 (this run: 103000, 3.51 seg/s) ETA 20.34 h, members so far: 150
2026-08-19T13:47:04+0000 MEMBER m=3575508674985 sigma=7151016725424 d=624546 x=11449944 square=False (seg 103020, confirmed)
2026-08-19T13:48:11+0000 MEMBER m=3580963878375 sigma=7161903448128 d=24308622 x=294624 square=False (seg 103238, confirmed)
2026-08-19T13:48:18+0000 HEARTBEAT segments 103250/360000 (this run: 103250, 3.51 seg/s) ETA 20.33 h, members so far: 152
2026-08-19T13:49:40+0000 HEARTBEAT segments 103500/360000 (this run: 103500, 3.51 seg/s) ETA 20.32 h, members so far: 152
2026-08-19T13:51:05+0000 HEARTBEAT segments 103750/360000 (this run: 103750, 3.51 seg/s) ETA 20.31 h, members so far: 152
2026-08-19T13:52:30+0000 HEARTBEAT segments 104000/360000 (this run: 104000, 3.50 seg/s) ETA 20.30 h, members so far: 152
2026-08-19T13:53:53+0000 HEARTBEAT segments 104250/360000 (this run: 104250, 3.50 seg/s) ETA 20.29 h, members so far: 152
2026-08-19T13:55:16+0000 HEARTBEAT segments 104500/360000 (this run: 104500, 3.50 seg/s) ETA 20.27 h, members so far: 152
2026-08-19T13:56:41+0000 HEARTBEAT segments 104750/360000 (this run: 104750, 3.50 seg/s) ETA 20.26 h, members so far: 152
2026-08-19T13:58:05+0000 HEARTBEAT segments 105000/360000 (this run: 105000, 3.50 seg/s) ETA 20.25 h, members so far: 152
2026-08-19T13:59:28+0000 HEARTBEAT segments 105250/360000 (this run: 105250, 3.50 seg/s) ETA 20.24 h, members so far: 152
2026-08-19T14:00:52+0000 HEARTBEAT segments 105500/360000 (this run: 105500, 3.49 seg/s) ETA 20.23 h, members so far: 152
2026-08-19T14:01:05+0000 MEMBER m=3638465998125 sigma=7276926888000 d=5108250 x=1424544 square=False (seg 105538, confirmed)
2026-08-19T14:02:16+0000 HEARTBEAT segments 105750/360000 (this run: 105750, 3.49 seg/s) ETA 20.22 h, members so far: 153
2026-08-19T14:03:42+0000 HEARTBEAT segments 106000/360000 (this run: 106000, 3.49 seg/s) ETA 20.21 h, members so far: 153
2026-08-19T14:04:15+0000 MEMBER m=3652818382521 sigma=7305624627840 d=12137202 x=601920 square=False (seg 106112, confirmed)
2026-08-19T14:05:05+0000 HEARTBEAT segments 106250/360000 (this run: 106250, 3.49 seg/s) ETA 20.19 h, members so far: 154
2026-08-19T14:06:30+0000 HEARTBEAT segments 106500/360000 (this run: 106500, 3.49 seg/s) ETA 20.18 h, members so far: 154
2026-08-19T14:07:57+0000 HEARTBEAT segments 106750/360000 (this run: 106750, 3.49 seg/s) ETA 20.17 h, members so far: 154
2026-08-19T14:09:19+0000 HEARTBEAT segments 107000/360000 (this run: 107000, 3.49 seg/s) ETA 20.16 h, members so far: 154
2026-08-19T14:10:45+0000 HEARTBEAT segments 107250/360000 (this run: 107250, 3.48 seg/s) ETA 20.15 h, members so far: 154
2026-08-19T14:12:11+0000 HEARTBEAT segments 107500/360000 (this run: 107500, 3.48 seg/s) ETA 20.14 h, members so far: 154
2026-08-19T14:13:35+0000 HEARTBEAT segments 107750/360000 (this run: 107750, 3.48 seg/s) ETA 20.13 h, members so far: 154
2026-08-19T14:14:19+0000 MEMBER m=3697382251017 sigma=7394515494912 d=249007122 x=29696 square=False (seg 107895, confirmed)
2026-08-19T14:14:58+0000 HEARTBEAT segments 108000/360000 (this run: 108000, 3.48 seg/s) ETA 20.11 h, members so far: 155
2026-08-19T14:16:24+0000 HEARTBEAT segments 108250/360000 (this run: 108250, 3.48 seg/s) ETA 20.10 h, members so far: 155
2026-08-19T14:17:49+0000 HEARTBEAT segments 108500/360000 (this run: 108500, 3.48 seg/s) ETA 20.09 h, members so far: 155
2026-08-19T14:19:14+0000 HEARTBEAT segments 108750/360000 (this run: 108750, 3.48 seg/s) ETA 20.08 h, members so far: 155
2026-08-19T14:20:39+0000 HEARTBEAT segments 109000/360000 (this run: 109000, 3.47 seg/s) ETA 20.07 h, members so far: 155
2026-08-19T14:21:12+0000 MEMBER m=3727168557021 sigma=7454301603840 d=35510202 x=209920 square=False (seg 109086, confirmed)
2026-08-19T14:22:04+0000 HEARTBEAT segments 109250/360000 (this run: 109250, 3.47 seg/s) ETA 20.06 h, members so far: 156
2026-08-19T14:23:28+0000 HEARTBEAT segments 109500/360000 (this run: 109500, 3.47 seg/s) ETA 20.04 h, members so far: 156
2026-08-19T14:24:26+0000 MEMBER m=3741536181537 sigma=7483069440000 d=2923074 x=2560000 square=False (seg 109661, confirmed)
2026-08-19T14:24:52+0000 HEARTBEAT segments 109750/360000 (this run: 109750, 3.47 seg/s) ETA 20.03 h, members so far: 157
2026-08-19T14:26:18+0000 HEARTBEAT segments 110000/360000 (this run: 110000, 3.47 seg/s) ETA 20.02 h, members so far: 157
2026-08-19T14:27:43+0000 HEARTBEAT segments 110250/360000 (this run: 110250, 3.47 seg/s) ETA 20.01 h, members so far: 157
2026-08-19T14:29:09+0000 HEARTBEAT segments 110500/360000 (this run: 110500, 3.47 seg/s) ETA 20.00 h, members so far: 157
2026-08-19T14:30:33+0000 HEARTBEAT segments 110750/360000 (this run: 110750, 3.46 seg/s) ETA 19.99 h, members so far: 157
2026-08-19T14:31:42+0000 MEMBER m=3773790661575 sigma=7547580951680 d=371470 x=20318144 square=False (seg 110951, confirmed)
2026-08-19T14:31:59+0000 HEARTBEAT segments 111000/360000 (this run: 111000, 3.46 seg/s) ETA 19.97 h, members so far: 158
2026-08-19T14:33:23+0000 HEARTBEAT segments 111250/360000 (this run: 111250, 3.46 seg/s) ETA 19.96 h, members so far: 158
2026-08-19T14:33:44+0000 MEMBER m=3782525811525 sigma=7565051609280 d=13770 x=549386464 square=False (seg 111301, confirmed)
2026-08-19T14:34:47+0000 HEARTBEAT segments 111500/360000 (this run: 111500, 3.46 seg/s) ETA 19.95 h, members so far: 159
2026-08-19T14:36:14+0000 HEARTBEAT segments 111750/360000 (this run: 111750, 3.46 seg/s) ETA 19.94 h, members so far: 159
2026-08-19T14:37:41+0000 HEARTBEAT segments 112000/360000 (this run: 112000, 3.46 seg/s) ETA 19.93 h, members so far: 159
2026-08-19T14:37:54+0000 MEMBER m=3801356702715 sigma=7602713395200 d=10230 x=743178240 square=False (seg 112054, confirmed)
2026-08-19T14:39:05+0000 HEARTBEAT segments 112250/360000 (this run: 112250, 3.46 seg/s) ETA 19.91 h, members so far: 160
2026-08-19T14:40:31+0000 HEARTBEAT segments 112500/360000 (this run: 112500, 3.45 seg/s) ETA 19.90 h, members so far: 160
2026-08-19T14:41:56+0000 HEARTBEAT segments 112750/360000 (this run: 112750, 3.45 seg/s) ETA 19.89 h, members so far: 160
2026-08-19T14:43:20+0000 HEARTBEAT segments 113000/360000 (this run: 113000, 3.45 seg/s) ETA 19.88 h, members so far: 160
2026-08-19T14:44:46+0000 HEARTBEAT segments 113250/360000 (this run: 113250, 3.45 seg/s) ETA 19.86 h, members so far: 160
2026-08-19T14:46:11+0000 HEARTBEAT segments 113500/360000 (this run: 113500, 3.45 seg/s) ETA 19.85 h, members so far: 160
2026-08-19T14:46:11+0000 MEMBER m=3837228698745 sigma=7674457190400 d=207090 x=37058560 square=False (seg 113489, confirmed)
2026-08-19T14:47:38+0000 HEARTBEAT segments 113750/360000 (this run: 113750, 3.45 seg/s) ETA 19.84 h, members so far: 161
2026-08-19T14:49:02+0000 HEARTBEAT segments 114000/360000 (this run: 114000, 3.45 seg/s) ETA 19.83 h, members so far: 161
2026-08-19T14:50:29+0000 HEARTBEAT segments 114250/360000 (this run: 114250, 3.44 seg/s) ETA 19.82 h, members so far: 161
2026-08-19T14:50:31+0000 MEMBER m=3856753161975 sigma=7713506304000 d=19950 x=386641920 square=False (seg 114270, confirmed)
2026-08-19T14:51:57+0000 HEARTBEAT segments 114500/360000 (this run: 114500, 3.44 seg/s) ETA 19.80 h, members so far: 162
2026-08-19T14:53:22+0000 HEARTBEAT segments 114750/360000 (this run: 114750, 3.44 seg/s) ETA 19.79 h, members so far: 162
2026-08-19T14:54:46+0000 HEARTBEAT segments 115000/360000 (this run: 115000, 3.44 seg/s) ETA 19.78 h, members so far: 162
2026-08-19T14:55:31+0000 MEMBER m=3878011504521 sigma=7755986589120 d=36419922 x=212960 square=False (seg 115120, confirmed)
2026-08-19T14:56:11+0000 MEMBER m=3881509633485 sigma=7763019264000 d=2970 x=2613811200 square=False (seg 115260, confirmed)
2026-08-19T14:56:14+0000 HEARTBEAT segments 115250/360000 (this run: 115250, 3.44 seg/s) ETA 19.77 h, members so far: 164
2026-08-19T14:57:40+0000 HEARTBEAT segments 115500/360000 (this run: 115500, 3.44 seg/s) ETA 19.75 h, members so far: 164
2026-08-19T14:59:07+0000 HEARTBEAT segments 115750/360000 (this run: 115750, 3.44 seg/s) ETA 19.74 h, members so far: 164
2026-08-19T15:00:33+0000 HEARTBEAT segments 116000/360000 (this run: 116000, 3.44 seg/s) ETA 19.73 h, members so far: 164
2026-08-19T15:02:01+0000 HEARTBEAT segments 116250/360000 (this run: 116250, 3.43 seg/s) ETA 19.72 h, members so far: 164
2026-08-19T15:03:27+0000 HEARTBEAT segments 116500/360000 (this run: 116500, 3.43 seg/s) ETA 19.71 h, members so far: 164
2026-08-19T15:04:52+0000 HEARTBEAT segments 116750/360000 (this run: 116750, 3.43 seg/s) ETA 19.69 h, members so far: 164
2026-08-19T15:06:21+0000 HEARTBEAT segments 117000/360000 (this run: 117000, 3.43 seg/s) ETA 19.68 h, members so far: 164
2026-08-19T15:07:46+0000 HEARTBEAT segments 117250/360000 (this run: 117250, 3.43 seg/s) ETA 19.67 h, members so far: 164
2026-08-19T15:09:13+0000 HEARTBEAT segments 117500/360000 (this run: 117500, 3.43 seg/s) ETA 19.66 h, members so far: 164
2026-08-19T15:10:41+0000 HEARTBEAT segments 117750/360000 (this run: 117750, 3.43 seg/s) ETA 19.65 h, members so far: 164
2026-08-19T15:12:09+0000 HEARTBEAT segments 118000/360000 (this run: 118000, 3.42 seg/s) ETA 19.63 h, members so far: 164
2026-08-19T15:13:35+0000 HEARTBEAT segments 118250/360000 (this run: 118250, 3.42 seg/s) ETA 19.62 h, members so far: 164
2026-08-19T15:15:00+0000 HEARTBEAT segments 118500/360000 (this run: 118500, 3.42 seg/s) ETA 19.61 h, members so far: 164
2026-08-19T15:16:28+0000 HEARTBEAT segments 118750/360000 (this run: 118750, 3.42 seg/s) ETA 19.60 h, members so far: 164
2026-08-19T15:17:55+0000 HEARTBEAT segments 119000/360000 (this run: 119000, 3.42 seg/s) ETA 19.58 h, members so far: 164
2026-08-19T15:19:20+0000 HEARTBEAT segments 119250/360000 (this run: 119250, 3.42 seg/s) ETA 19.57 h, members so far: 164
2026-08-19T15:20:47+0000 HEARTBEAT segments 119500/360000 (this run: 119500, 3.42 seg/s) ETA 19.56 h, members so far: 164
2026-08-19T15:22:15+0000 HEARTBEAT segments 119750/360000 (this run: 119750, 3.41 seg/s) ETA 19.54 h, members so far: 164
2026-08-19T15:23:41+0000 HEARTBEAT segments 120000/360000 (this run: 120000, 3.41 seg/s) ETA 19.53 h, members so far: 164
2026-08-19T15:25:09+0000 HEARTBEAT segments 120250/360000 (this run: 120250, 3.41 seg/s) ETA 19.52 h, members so far: 164
2026-08-19T15:26:37+0000 HEARTBEAT segments 120500/360000 (this run: 120500, 3.41 seg/s) ETA 19.51 h, members so far: 164
2026-08-19T15:28:02+0000 HEARTBEAT segments 120750/360000 (this run: 120750, 3.41 seg/s) ETA 19.49 h, members so far: 164
2026-08-19T15:29:28+0000 HEARTBEAT segments 121000/360000 (this run: 121000, 3.41 seg/s) ETA 19.48 h, members so far: 164
2026-08-19T15:30:58+0000 HEARTBEAT segments 121250/360000 (this run: 121250, 3.41 seg/s) ETA 19.47 h, members so far: 164
2026-08-19T15:32:26+0000 HEARTBEAT segments 121500/360000 (this run: 121500, 3.41 seg/s) ETA 19.46 h, members so far: 164
2026-08-19T15:32:29+0000 MEMBER m=4038023993913 sigma=8074470942720 d=1577045106 x=5120 square=False (seg 121520, confirmed)
2026-08-19T15:33:52+0000 HEARTBEAT segments 121750/360000 (this run: 121750, 3.40 seg/s) ETA 19.44 h, members so far: 165
2026-08-19T15:35:19+0000 HEARTBEAT segments 122000/360000 (this run: 122000, 3.40 seg/s) ETA 19.43 h, members so far: 165
2026-08-19T15:36:49+0000 HEARTBEAT segments 122250/360000 (this run: 122250, 3.40 seg/s) ETA 19.42 h, members so far: 165
2026-08-19T15:38:15+0000 HEARTBEAT segments 122500/360000 (this run: 122500, 3.40 seg/s) ETA 19.40 h, members so far: 165
2026-08-19T15:39:41+0000 HEARTBEAT segments 122750/360000 (this run: 122750, 3.40 seg/s) ETA 19.39 h, members so far: 165
2026-08-19T15:41:10+0000 HEARTBEAT segments 123000/360000 (this run: 123000, 3.40 seg/s) ETA 19.38 h, members so far: 165
2026-08-19T15:42:03+0000 MEMBER m=4079121049773 sigma=8158239492480 d=2607066 x=3129280 square=False (seg 123164, confirmed)
2026-08-19T15:42:38+0000 HEARTBEAT segments 123250/360000 (this run: 123250, 3.40 seg/s) ETA 19.37 h, members so far: 166
2026-08-19T15:44:05+0000 HEARTBEAT segments 123500/360000 (this run: 123500, 3.39 seg/s) ETA 19.35 h, members so far: 166
2026-08-19T15:45:34+0000 HEARTBEAT segments 123750/360000 (this run: 123750, 3.39 seg/s) ETA 19.34 h, members so far: 166
2026-08-19T15:47:02+0000 HEARTBEAT segments 124000/360000 (this run: 124000, 3.39 seg/s) ETA 19.33 h, members so far: 166
2026-08-19T15:48:30+0000 HEARTBEAT segments 124250/360000 (this run: 124250, 3.39 seg/s) ETA 19.31 h, members so far: 166
2026-08-19T15:49:56+0000 HEARTBEAT segments 124500/360000 (this run: 124500, 3.39 seg/s) ETA 19.30 h, members so far: 166
2026-08-19T15:51:26+0000 HEARTBEAT segments 124750/360000 (this run: 124750, 3.39 seg/s) ETA 19.29 h, members so far: 166
2026-08-19T15:52:54+0000 HEARTBEAT segments 125000/360000 (this run: 125000, 3.39 seg/s) ETA 19.27 h, members so far: 166
2026-08-19T15:54:21+0000 HEARTBEAT segments 125250/360000 (this run: 125250, 3.39 seg/s) ETA 19.26 h, members so far: 166
2026-08-19T15:55:48+0000 HEARTBEAT segments 125500/360000 (this run: 125500, 3.38 seg/s) ETA 19.25 h, members so far: 166
2026-08-19T15:57:18+0000 HEARTBEAT segments 125750/360000 (this run: 125750, 3.38 seg/s) ETA 19.24 h, members so far: 166
2026-08-19T15:58:47+0000 HEARTBEAT segments 126000/360000 (this run: 126000, 3.38 seg/s) ETA 19.22 h, members so far: 166
2026-08-19T16:00:16+0000 HEARTBEAT segments 126250/360000 (this run: 126250, 3.38 seg/s) ETA 19.21 h, members so far: 166
2026-08-19T16:01:45+0000 HEARTBEAT segments 126500/360000 (this run: 126500, 3.38 seg/s) ETA 19.20 h, members so far: 166
2026-08-19T16:03:13+0000 HEARTBEAT segments 126750/360000 (this run: 126750, 3.38 seg/s) ETA 19.18 h, members so far: 166
2026-08-19T16:03:30+0000 MEMBER m=4169640243483 sigma=8339274155520 d=6331446 x=1317120 square=False (seg 126785, confirmed)
2026-08-19T16:04:40+0000 HEARTBEAT segments 127000/360000 (this run: 127000, 3.38 seg/s) ETA 19.17 h, members so far: 167
2026-08-19T16:06:11+0000 HEARTBEAT segments 127250/360000 (this run: 127250, 3.37 seg/s) ETA 19.16 h, members so far: 167
2026-08-19T16:07:39+0000 HEARTBEAT segments 127500/360000 (this run: 127500, 3.37 seg/s) ETA 19.14 h, members so far: 167
2026-08-19T16:09:07+0000 HEARTBEAT segments 127750/360000 (this run: 127750, 3.37 seg/s) ETA 19.13 h, members so far: 167
2026-08-19T16:10:35+0000 HEARTBEAT segments 128000/360000 (this run: 128000, 3.37 seg/s) ETA 19.12 h, members so far: 167
2026-08-19T16:12:06+0000 HEARTBEAT segments 128250/360000 (this run: 128250, 3.37 seg/s) ETA 19.10 h, members so far: 167
2026-08-19T16:13:32+0000 HEARTBEAT segments 128500/360000 (this run: 128500, 3.37 seg/s) ETA 19.09 h, members so far: 167
2026-08-19T16:14:59+0000 HEARTBEAT segments 128750/360000 (this run: 128750, 3.37 seg/s) ETA 19.08 h, members so far: 167
2026-08-19T16:16:31+0000 HEARTBEAT segments 129000/360000 (this run: 129000, 3.37 seg/s) ETA 19.06 h, members so far: 167
2026-08-19T16:17:58+0000 HEARTBEAT segments 129250/360000 (this run: 129250, 3.36 seg/s) ETA 19.05 h, members so far: 167
2026-08-19T16:19:26+0000 HEARTBEAT segments 129500/360000 (this run: 129500, 3.36 seg/s) ETA 19.04 h, members so far: 167
2026-08-19T16:20:57+0000 HEARTBEAT segments 129750/360000 (this run: 129750, 3.36 seg/s) ETA 19.02 h, members so far: 167
2026-08-19T16:22:25+0000 HEARTBEAT segments 130000/360000 (this run: 130000, 3.36 seg/s) ETA 19.01 h, members so far: 167
2026-08-19T16:23:54+0000 HEARTBEAT segments 130250/360000 (this run: 130250, 3.36 seg/s) ETA 19.00 h, members so far: 167
2026-08-19T16:25:23+0000 HEARTBEAT segments 130500/360000 (this run: 130500, 3.36 seg/s) ETA 18.98 h, members so far: 167
2026-08-19T16:26:42+0000 MEMBER m=4268277305325 sigma=8536553625600 d=985050 x=8666112 square=False (seg 130731, confirmed)
2026-08-19T16:26:54+0000 HEARTBEAT segments 130750/360000 (this run: 130750, 3.36 seg/s) ETA 18.97 h, members so far: 168
2026-08-19T16:28:00+0000 MEMBER m=4273816111875 sigma=8547623884800 d=8338950 x=1025024 square=False (seg 130952, confirmed)
2026-08-19T16:28:23+0000 HEARTBEAT segments 131000/360000 (this run: 131000, 3.36 seg/s) ETA 18.96 h, members so far: 169
2026-08-19T16:29:51+0000 HEARTBEAT segments 131250/360000 (this run: 131250, 3.35 seg/s) ETA 18.94 h, members so far: 169
2026-08-19T16:31:21+0000 HEARTBEAT segments 131500/360000 (this run: 131500, 3.35 seg/s) ETA 18.93 h, members so far: 169
2026-08-19T16:32:52+0000 HEARTBEAT segments 131750/360000 (this run: 131750, 3.35 seg/s) ETA 18.92 h, members so far: 169
2026-08-19T16:34:21+0000 HEARTBEAT segments 132000/360000 (this run: 132000, 3.35 seg/s) ETA 18.90 h, members so far: 169
2026-08-19T16:34:40+0000 MEMBER m=4301088083523 sigma=8602172587008 d=3580038 x=2402816 square=False (seg 132043, confirmed)
2026-08-19T16:35:50+0000 HEARTBEAT segments 132250/360000 (this run: 132250, 3.35 seg/s) ETA 18.89 h, members so far: 170
2026-08-19T16:37:21+0000 HEARTBEAT segments 132500/360000 (this run: 132500, 3.35 seg/s) ETA 18.88 h, members so far: 170
2026-08-19T16:38:49+0000 HEARTBEAT segments 132750/360000 (this run: 132750, 3.35 seg/s) ETA 18.86 h, members so far: 170
2026-08-19T16:38:56+0000 MEMBER m=4318996702185 sigma=8637945338880 d=48065490 x=179712 square=False (seg 132759, confirmed)
2026-08-19T16:40:19+0000 HEARTBEAT segments 133000/360000 (this run: 133000, 3.35 seg/s) ETA 18.85 h, members so far: 171
2026-08-19T16:40:31+0000 MEMBER m=4325504797575 sigma=8649148762800 d=1860832350 x=4648 square=False (seg 133020, confirmed)
2026-08-19T16:41:50+0000 HEARTBEAT segments 133250/360000 (this run: 133250, 3.34 seg/s) ETA 18.83 h, members so far: 172
2026-08-19T16:43:17+0000 HEARTBEAT segments 133500/360000 (this run: 133500, 3.34 seg/s) ETA 18.82 h, members so far: 172
2026-08-19T16:44:37+0000 MEMBER m=4343327724225 sigma=8686655447040 d=1410 x=6160748544 square=False (seg 133733, confirmed)
2026-08-19T16:44:48+0000 HEARTBEAT segments 133750/360000 (this run: 133750, 3.34 seg/s) ETA 18.81 h, members so far: 173
2026-08-19T16:46:17+0000 HEARTBEAT segments 134000/360000 (this run: 134000, 3.34 seg/s) ETA 18.79 h, members so far: 173
2026-08-19T16:47:48+0000 HEARTBEAT segments 134250/360000 (this run: 134250, 3.34 seg/s) ETA 18.78 h, members so far: 173
2026-08-19T16:49:17+0000 HEARTBEAT segments 134500/360000 (this run: 134500, 3.34 seg/s) ETA 18.76 h, members so far: 173
2026-08-19T16:50:20+0000 MEMBER m=4366656479493 sigma=8733303266688 d=9692298 x=901056 square=False (seg 134666, confirmed)
2026-08-19T16:50:46+0000 HEARTBEAT segments 134750/360000 (this run: 134750, 3.34 seg/s) ETA 18.75 h, members so far: 174
2026-08-19T16:52:18+0000 HEARTBEAT segments 135000/360000 (this run: 135000, 3.34 seg/s) ETA 18.74 h, members so far: 174
2026-08-19T16:53:46+0000 HEARTBEAT segments 135250/360000 (this run: 135250, 3.33 seg/s) ETA 18.72 h, members so far: 174
2026-08-19T16:55:14+0000 HEARTBEAT segments 135500/360000 (this run: 135500, 3.33 seg/s) ETA 18.71 h, members so far: 174
2026-08-19T16:56:47+0000 HEARTBEAT segments 135750/360000 (this run: 135750, 3.33 seg/s) ETA 18.70 h, members so far: 174
2026-08-19T16:58:18+0000 HEARTBEAT segments 136000/360000 (this run: 136000, 3.33 seg/s) ETA 18.68 h, members so far: 174
2026-08-19T16:59:48+0000 HEARTBEAT segments 136250/360000 (this run: 136250, 3.33 seg/s) ETA 18.67 h, members so far: 174
2026-08-19T17:01:22+0000 HEARTBEAT segments 136500/360000 (this run: 136500, 3.33 seg/s) ETA 18.66 h, members so far: 174
2026-08-19T17:01:41+0000 MEMBER m=4414265918205 sigma=8828531712000 d=124410 x=70963200 square=False (seg 136570, confirmed)
2026-08-19T17:02:49+0000 HEARTBEAT segments 136750/360000 (this run: 136750, 3.33 seg/s) ETA 18.64 h, members so far: 175
2026-08-19T17:04:19+0000 HEARTBEAT segments 137000/360000 (this run: 137000, 3.33 seg/s) ETA 18.63 h, members so far: 175
2026-08-19T17:05:50+0000 HEARTBEAT segments 137250/360000 (this run: 137250, 3.32 seg/s) ETA 18.61 h, members so far: 175
2026-08-19T17:07:21+0000 HEARTBEAT segments 137500/360000 (this run: 137500, 3.32 seg/s) ETA 18.60 h, members so far: 175
2026-08-19T17:07:52+0000 MEMBER m=4439852974095 sigma=8879705948160 d=30 x=295990198272 square=False (seg 137594, confirmed)
2026-08-19T17:08:52+0000 HEARTBEAT segments 137750/360000 (this run: 137750, 3.32 seg/s) ETA 18.58 h, members so far: 176
2026-08-19T17:10:20+0000 HEARTBEAT segments 138000/360000 (this run: 138000, 3.32 seg/s) ETA 18.57 h, members so far: 176
2026-08-19T17:11:11+0000 MEMBER m=4453302350889 sigma=8906556911616 d=47790162 x=186368 square=False (seg 138132, confirmed)
2026-08-19T17:11:52+0000 HEARTBEAT segments 138250/360000 (this run: 138250, 3.32 seg/s) ETA 18.56 h, members so far: 177
2026-08-19T17:12:45+0000 MEMBER m=4460339969631 sigma=8920679040000 d=899262 x=9920000 square=False (seg 138413, confirmed)
2026-08-19T17:13:22+0000 HEARTBEAT segments 138500/360000 (this run: 138500, 3.32 seg/s) ETA 18.54 h, members so far: 178
2026-08-19T17:14:52+0000 HEARTBEAT segments 138750/360000 (this run: 138750, 3.32 seg/s) ETA 18.53 h, members so far: 178
2026-08-19T17:16:22+0000 HEARTBEAT segments 139000/360000 (this run: 139000, 3.32 seg/s) ETA 18.51 h, members so far: 178
2026-08-19T17:17:54+0000 HEARTBEAT segments 139250/360000 (this run: 139250, 3.31 seg/s) ETA 18.50 h, members so far: 178
2026-08-19T17:19:24+0000 HEARTBEAT segments 139500/360000 (this run: 139500, 3.31 seg/s) ETA 18.48 h, members so far: 178
2026-08-19T17:20:05+0000 MEMBER m=4490609727681 sigma=8981216133120 d=3322242 x=2703360 square=False (seg 139624, confirmed)
2026-08-19T17:20:56+0000 HEARTBEAT segments 139750/360000 (this run: 139750, 3.31 seg/s) ETA 18.47 h, members so far: 179
2026-08-19T17:22:26+0000 HEARTBEAT segments 140000/360000 (this run: 140000, 3.31 seg/s) ETA 18.46 h, members so far: 179
2026-08-19T17:23:26+0000 MEMBER m=4504607725527 sigma=9009213158400 d=2292654 x=3929600 square=False (seg 140184, confirmed)
2026-08-19T17:23:56+0000 HEARTBEAT segments 140250/360000 (this run: 140250, 3.31 seg/s) ETA 18.44 h, members so far: 180
2026-08-19T17:24:01+0000 MEMBER m=4506302145375 sigma=9012603974400 d=316350 x=28489344 square=False (seg 140252, confirmed)
2026-08-19T17:25:28+0000 HEARTBEAT segments 140500/360000 (this run: 140500, 3.31 seg/s) ETA 18.43 h, members so far: 181
2026-08-19T17:27:00+0000 HEARTBEAT segments 140750/360000 (this run: 140750, 3.31 seg/s) ETA 18.41 h, members so far: 181
2026-08-19T17:28:31+0000 HEARTBEAT segments 141000/360000 (this run: 141000, 3.31 seg/s) ETA 18.40 h, members so far: 181
2026-08-19T17:29:43+0000 MEMBER m=4529765756775 sigma=9059516153856 d=15359694 x=589824 square=False (seg 141190, confirmed)
2026-08-19T17:30:00+0000 HEARTBEAT segments 141250/360000 (this run: 141250, 3.31 seg/s) ETA 18.38 h, members so far: 182
2026-08-19T17:31:33+0000 HEARTBEAT segments 141500/360000 (this run: 141500, 3.30 seg/s) ETA 18.37 h, members so far: 182
2026-08-19T17:33:04+0000 HEARTBEAT segments 141750/360000 (this run: 141750, 3.30 seg/s) ETA 18.36 h, members so far: 182
2026-08-19T17:34:35+0000 HEARTBEAT segments 142000/360000 (this run: 142000, 3.30 seg/s) ETA 18.34 h, members so far: 182
2026-08-19T17:36:07+0000 HEARTBEAT segments 142250/360000 (this run: 142250, 3.30 seg/s) ETA 18.33 h, members so far: 182
2026-08-19T17:37:38+0000 HEARTBEAT segments 142500/360000 (this run: 142500, 3.30 seg/s) ETA 18.31 h, members so far: 182
2026-08-19T17:39:08+0000 HEARTBEAT segments 142750/360000 (this run: 142750, 3.30 seg/s) ETA 18.30 h, members so far: 182
2026-08-19T17:40:42+0000 HEARTBEAT segments 143000/360000 (this run: 143000, 3.30 seg/s) ETA 18.28 h, members so far: 182
2026-08-19T17:42:14+0000 HEARTBEAT segments 143250/360000 (this run: 143250, 3.30 seg/s) ETA 18.27 h, members so far: 182
2026-08-19T17:43:45+0000 HEARTBEAT segments 143500/360000 (this run: 143500, 3.29 seg/s) ETA 18.26 h, members so far: 182
2026-08-19T17:45:16+0000 HEARTBEAT segments 143750/360000 (this run: 143750, 3.29 seg/s) ETA 18.24 h, members so far: 182
2026-08-19T17:46:49+0000 HEARTBEAT segments 144000/360000 (this run: 144000, 3.29 seg/s) ETA 18.23 h, members so far: 182
2026-08-19T17:47:52+0000 MEMBER m=4604582093715 sigma=9209164124160 d=63270 x=145553408 square=False (seg 144183, confirmed)
2026-08-19T17:48:20+0000 HEARTBEAT segments 144250/360000 (this run: 144250, 3.29 seg/s) ETA 18.21 h, members so far: 183
2026-08-19T17:49:51+0000 HEARTBEAT segments 144500/360000 (this run: 144500, 3.29 seg/s) ETA 18.20 h, members so far: 183
2026-08-19T17:51:25+0000 HEARTBEAT segments 144750/360000 (this run: 144750, 3.29 seg/s) ETA 18.18 h, members so far: 183
2026-08-19T17:52:56+0000 HEARTBEAT segments 145000/360000 (this run: 145000, 3.29 seg/s) ETA 18.17 h, members so far: 183
2026-08-19T17:54:27+0000 HEARTBEAT segments 145250/360000 (this run: 145250, 3.29 seg/s) ETA 18.15 h, members so far: 183
2026-08-19T17:56:00+0000 HEARTBEAT segments 145500/360000 (this run: 145500, 3.28 seg/s) ETA 18.14 h, members so far: 183
2026-08-19T17:57:35+0000 HEARTBEAT segments 145750/360000 (this run: 145750, 3.28 seg/s) ETA 18.13 h, members so far: 183
2026-08-19T17:59:06+0000 HEARTBEAT segments 146000/360000 (this run: 146000, 3.28 seg/s) ETA 18.11 h, members so far: 183
2026-08-19T18:00:36+0000 HEARTBEAT segments 146250/360000 (this run: 146250, 3.28 seg/s) ETA 18.10 h, members so far: 183
2026-08-19T18:02:10+0000 HEARTBEAT segments 146500/360000 (this run: 146500, 3.28 seg/s) ETA 18.08 h, members so far: 183
2026-08-19T18:03:43+0000 HEARTBEAT segments 146750/360000 (this run: 146750, 3.28 seg/s) ETA 18.07 h, members so far: 183
2026-08-19T18:05:12+0000 HEARTBEAT segments 147000/360000 (this run: 147000, 3.28 seg/s) ETA 18.05 h, members so far: 183
2026-08-19T18:05:23+0000 MEMBER m=4675505960853 sigma=9350809558272 d=202363434 x=46208 square=False (seg 147020, confirmed)
2026-08-19T18:06:46+0000 HEARTBEAT segments 147250/360000 (this run: 147250, 3.28 seg/s) ETA 18.04 h, members so far: 184
2026-08-19T18:08:18+0000 HEARTBEAT segments 147500/360000 (this run: 147500, 3.28 seg/s) ETA 18.02 h, members so far: 184
2026-08-19T18:09:48+0000 HEARTBEAT segments 147750/360000 (this run: 147750, 3.27 seg/s) ETA 18.01 h, members so far: 184
2026-08-19T18:11:22+0000 HEARTBEAT segments 148000/360000 (this run: 148000, 3.27 seg/s) ETA 17.99 h, members so far: 184
2026-08-19T18:12:54+0000 HEARTBEAT segments 148250/360000 (this run: 148250, 3.27 seg/s) ETA 17.98 h, members so far: 184
2026-08-19T18:14:26+0000 HEARTBEAT segments 148500/360000 (this run: 148500, 3.27 seg/s) ETA 17.96 h, members so far: 184
2026-08-19T18:16:00+0000 HEARTBEAT segments 148750/360000 (this run: 148750, 3.27 seg/s) ETA 17.95 h, members so far: 184
2026-08-19T18:17:33+0000 HEARTBEAT segments 149000/360000 (this run: 149000, 3.27 seg/s) ETA 17.93 h, members so far: 184
2026-08-19T18:19:04+0000 HEARTBEAT segments 149250/360000 (this run: 149250, 3.27 seg/s) ETA 17.92 h, members so far: 184
2026-08-19T18:20:38+0000 HEARTBEAT segments 149500/360000 (this run: 149500, 3.27 seg/s) ETA 17.90 h, members so far: 184
2026-08-19T18:21:40+0000 MEMBER m=4741363216275 sigma=9482726400000 d=32550 x=291328000 square=False (seg 149654, confirmed)
2026-08-19T18:22:10+0000 HEARTBEAT segments 149750/360000 (this run: 149750, 3.26 seg/s) ETA 17.89 h, members so far: 185
2026-08-19T18:22:38+0000 MEMBER m=4746043120275 sigma=9492086217600 d=22950 x=413598528 square=False (seg 149841, confirmed)
2026-08-19T18:23:43+0000 HEARTBEAT segments 150000/360000 (this run: 150000, 3.26 seg/s) ETA 17.87 h, members so far: 186
2026-08-19T18:25:15+0000 HEARTBEAT segments 150250/360000 (this run: 150250, 3.26 seg/s) ETA 17.86 h, members so far: 186
2026-08-19T18:26:49+0000 HEARTBEAT segments 150500/360000 (this run: 150500, 3.26 seg/s) ETA 17.84 h, members so far: 186
2026-08-19T18:28:21+0000 HEARTBEAT segments 150750/360000 (this run: 150750, 3.26 seg/s) ETA 17.83 h, members so far: 186
2026-08-19T18:29:51+0000 HEARTBEAT segments 151000/360000 (this run: 151000, 3.26 seg/s) ETA 17.81 h, members so far: 186
2026-08-19T18:31:26+0000 HEARTBEAT segments 151250/360000 (this run: 151250, 3.26 seg/s) ETA 17.80 h, members so far: 186
2026-08-19T18:32:57+0000 HEARTBEAT segments 151500/360000 (this run: 151500, 3.26 seg/s) ETA 17.78 h, members so far: 186
2026-08-19T18:34:30+0000 HEARTBEAT segments 151750/360000 (this run: 151750, 3.26 seg/s) ETA 17.77 h, members so far: 186
2026-08-19T18:36:03+0000 HEARTBEAT segments 152000/360000 (this run: 152000, 3.25 seg/s) ETA 17.75 h, members so far: 186
2026-08-19T18:37:35+0000 HEARTBEAT segments 152250/360000 (this run: 152250, 3.25 seg/s) ETA 17.74 h, members so far: 186
2026-08-19T18:39:08+0000 HEARTBEAT segments 152500/360000 (this run: 152500, 3.25 seg/s) ETA 17.72 h, members so far: 186
2026-08-19T18:40:42+0000 HEARTBEAT segments 152750/360000 (this run: 152750, 3.25 seg/s) ETA 17.71 h, members so far: 186
2026-08-19T18:42:15+0000 HEARTBEAT segments 153000/360000 (this run: 153000, 3.25 seg/s) ETA 17.69 h, members so far: 186
2026-08-19T18:43:47+0000 HEARTBEAT segments 153250/360000 (this run: 153250, 3.25 seg/s) ETA 17.67 h, members so far: 186
2026-08-19T18:44:49+0000 MEMBER m=4835801375955 sigma=9671602176000 d=575910 x=16793600 square=False (seg 153432, confirmed)
2026-08-19T18:45:18+0000 HEARTBEAT segments 153500/360000 (this run: 153500, 3.25 seg/s) ETA 17.66 h, members so far: 187
2026-08-19T18:46:55+0000 HEARTBEAT segments 153750/360000 (this run: 153750, 3.25 seg/s) ETA 17.64 h, members so far: 187
2026-08-19T18:47:47+0000 MEMBER m=4847048133291 sigma=9689365131264 d=4731135318 x=2048 square=False (seg 153881, confirmed)
2026-08-19T18:48:26+0000 HEARTBEAT segments 154000/360000 (this run: 154000, 3.25 seg/s) ETA 17.63 h, members so far: 188
2026-08-19T18:48:38+0000 MEMBER m=4851089107137 sigma=9702101747520 d=76466754 x=126880 square=False (seg 154043, confirmed)
2026-08-19T18:49:59+0000 HEARTBEAT segments 154250/360000 (this run: 154250, 3.25 seg/s) ETA 17.61 h, members so far: 189
2026-08-19T18:51:37+0000 HEARTBEAT segments 154500/360000 (this run: 154500, 3.24 seg/s) ETA 17.60 h, members so far: 189
2026-08-19T18:52:06+0000 MEMBER m=4864913407575 sigma=9729825251328 d=1563822 x=6221824 square=False (seg 154596, confirmed)
2026-08-19T18:53:09+0000 HEARTBEAT segments 154750/360000 (this run: 154750, 3.24 seg/s) ETA 17.58 h, members so far: 190
2026-08-19T18:54:42+0000 HEARTBEAT segments 155000/360000 (this run: 155000, 3.24 seg/s) ETA 17.57 h, members so far: 190
2026-08-19T18:56:17+0000 HEARTBEAT segments 155250/360000 (this run: 155250, 3.24 seg/s) ETA 17.55 h, members so far: 190
2026-08-19T18:57:50+0000 HEARTBEAT segments 155500/360000 (this run: 155500, 3.24 seg/s) ETA 17.54 h, members so far: 190
2026-08-19T18:59:24+0000 HEARTBEAT segments 155750/360000 (this run: 155750, 3.24 seg/s) ETA 17.52 h, members so far: 190
2026-08-19T19:00:59+0000 HEARTBEAT segments 156000/360000 (this run: 156000, 3.24 seg/s) ETA 17.51 h, members so far: 190
2026-08-19T19:02:35+0000 HEARTBEAT segments 156250/360000 (this run: 156250, 3.24 seg/s) ETA 17.49 h, members so far: 190
2026-08-19T19:04:07+0000 HEARTBEAT segments 156500/360000 (this run: 156500, 3.23 seg/s) ETA 17.48 h, members so far: 190
2026-08-19T19:05:41+0000 HEARTBEAT segments 156750/360000 (this run: 156750, 3.23 seg/s) ETA 17.46 h, members so far: 190
2026-08-19T19:07:08+0000 MEMBER m=4924215650835 sigma=9848429660160 d=1641510 x=5999616 square=False (seg 156968, confirmed)
2026-08-19T19:07:17+0000 HEARTBEAT segments 157000/360000 (this run: 157000, 3.23 seg/s) ETA 17.45 h, members so far: 191
2026-08-19T19:08:49+0000 HEARTBEAT segments 157250/360000 (this run: 157250, 3.23 seg/s) ETA 17.43 h, members so far: 191
2026-08-19T19:09:59+0000 MEMBER m=4935755299167 sigma=9871255658880 d=254939454 x=38720 square=False (seg 157430, confirmed)
2026-08-19T19:10:23+0000 HEARTBEAT segments 157500/360000 (this run: 157500, 3.23 seg/s) ETA 17.41 h, members so far: 192
2026-08-19T19:11:59+0000 HEARTBEAT segments 157750/360000 (this run: 157750, 3.23 seg/s) ETA 17.40 h, members so far: 192
2026-08-19T19:13:31+0000 HEARTBEAT segments 158000/360000 (this run: 158000, 3.23 seg/s) ETA 17.38 h, members so far: 192
2026-08-19T19:15:05+0000 HEARTBEAT segments 158250/360000 (this run: 158250, 3.23 seg/s) ETA 17.37 h, members so far: 192
2026-08-19T19:16:40+0000 HEARTBEAT segments 158500/360000 (this run: 158500, 3.23 seg/s) ETA 17.35 h, members so far: 192
2026-08-19T19:18:13+0000 HEARTBEAT segments 158750/360000 (this run: 158750, 3.22 seg/s) ETA 17.34 h, members so far: 192
2026-08-19T19:19:46+0000 HEARTBEAT segments 159000/360000 (this run: 159000, 3.22 seg/s) ETA 17.32 h, members so far: 192
2026-08-19T19:21:24+0000 HEARTBEAT segments 159250/360000 (this run: 159250, 3.22 seg/s) ETA 17.30 h, members so far: 192
2026-08-19T19:22:57+0000 HEARTBEAT segments 159500/360000 (this run: 159500, 3.22 seg/s) ETA 17.29 h, members so far: 192
2026-08-19T19:24:29+0000 HEARTBEAT segments 159750/360000 (this run: 159750, 3.22 seg/s) ETA 17.27 h, members so far: 192
2026-08-19T19:26:04+0000 HEARTBEAT segments 160000/360000 (this run: 160000, 3.22 seg/s) ETA 17.26 h, members so far: 192
2026-08-19T19:27:39+0000 HEARTBEAT segments 160250/360000 (this run: 160250, 3.22 seg/s) ETA 17.24 h, members so far: 192
2026-08-19T19:29:12+0000 HEARTBEAT segments 160500/360000 (this run: 160500, 3.22 seg/s) ETA 17.22 h, members so far: 192
2026-08-19T19:30:47+0000 HEARTBEAT segments 160750/360000 (this run: 160750, 3.22 seg/s) ETA 17.21 h, members so far: 192
2026-08-19T19:32:23+0000 HEARTBEAT segments 161000/360000 (this run: 161000, 3.21 seg/s) ETA 17.19 h, members so far: 192
2026-08-19T19:33:56+0000 HEARTBEAT segments 161250/360000 (this run: 161250, 3.21 seg/s) ETA 17.18 h, members so far: 192
2026-08-19T19:34:19+0000 MEMBER m=5033007717465 sigma=10066015411200 d=23730 x=424189440 square=False (seg 161320, confirmed)
2026-08-19T19:35:33+0000 HEARTBEAT segments 161500/360000 (this run: 161500, 3.21 seg/s) ETA 17.16 h, members so far: 193
2026-08-19T19:37:08+0000 HEARTBEAT segments 161750/360000 (this run: 161750, 3.21 seg/s) ETA 17.15 h, members so far: 193
2026-08-19T19:38:42+0000 HEARTBEAT segments 162000/360000 (this run: 162000, 3.21 seg/s) ETA 17.13 h, members so far: 193
2026-08-19T19:40:17+0000 HEARTBEAT segments 162250/360000 (this run: 162250, 3.21 seg/s) ETA 17.11 h, members so far: 193
2026-08-19T19:41:53+0000 HEARTBEAT segments 162500/360000 (this run: 162500, 3.21 seg/s) ETA 17.10 h, members so far: 193
2026-08-19T19:43:27+0000 HEARTBEAT segments 162750/360000 (this run: 162750, 3.21 seg/s) ETA 17.08 h, members so far: 193
2026-08-19T19:45:01+0000 HEARTBEAT segments 163000/360000 (this run: 163000, 3.21 seg/s) ETA 17.07 h, members so far: 193
2026-08-19T19:46:38+0000 HEARTBEAT segments 163250/360000 (this run: 163250, 3.21 seg/s) ETA 17.05 h, members so far: 193
2026-08-19T19:48:14+0000 HEARTBEAT segments 163500/360000 (this run: 163500, 3.20 seg/s) ETA 17.04 h, members so far: 193
2026-08-19T19:49:47+0000 HEARTBEAT segments 163750/360000 (this run: 163750, 3.20 seg/s) ETA 17.02 h, members so far: 193
2026-08-19T19:51:18+0000 MEMBER m=5099774998725 sigma=10199549954880 d=42570 x=239594784 square=False (seg 163990, confirmed)
2026-08-19T19:51:25+0000 HEARTBEAT segments 164000/360000 (this run: 164000, 3.20 seg/s) ETA 17.00 h, members so far: 194
2026-08-19T19:53:00+0000 HEARTBEAT segments 164250/360000 (this run: 164250, 3.20 seg/s) ETA 16.99 h, members so far: 194
2026-08-19T19:54:35+0000 HEARTBEAT segments 164500/360000 (this run: 164500, 3.20 seg/s) ETA 16.97 h, members so far: 194
2026-08-19T19:56:12+0000 HEARTBEAT segments 164750/360000 (this run: 164750, 3.20 seg/s) ETA 16.96 h, members so far: 194
2026-08-19T19:57:48+0000 HEARTBEAT segments 165000/360000 (this run: 165000, 3.20 seg/s) ETA 16.94 h, members so far: 194
2026-08-19T19:59:23+0000 HEARTBEAT segments 165250/360000 (this run: 165250, 3.20 seg/s) ETA 16.92 h, members so far: 194
2026-08-19T20:00:58+0000 HEARTBEAT segments 165500/360000 (this run: 165500, 3.20 seg/s) ETA 16.91 h, members so far: 194
2026-08-19T20:02:36+0000 HEARTBEAT segments 165750/360000 (this run: 165750, 3.19 seg/s) ETA 16.89 h, members so far: 194
2026-08-19T20:03:20+0000 MEMBER m=5146491169215 sigma=10292982336000 d=2430 x=4235795200 square=False (seg 165859, confirmed)
2026-08-19T20:03:25+0000 MEMBER m=5147469478125 sigma=10294938894240 d=62010 x=166020624 square=False (seg 165898, confirmed)
2026-08-19T20:04:09+0000 HEARTBEAT segments 166000/360000 (this run: 166000, 3.19 seg/s) ETA 16.88 h, members so far: 196
2026-08-19T20:05:45+0000 HEARTBEAT segments 166250/360000 (this run: 166250, 3.19 seg/s) ETA 16.86 h, members so far: 196
2026-08-19T20:06:28+0000 MEMBER m=5158644068445 sigma=10317264814080 d=23322810 x=442368 square=False (seg 166345, confirmed)
2026-08-19T20:07:21+0000 HEARTBEAT segments 166500/360000 (this run: 166500, 3.19 seg/s) ETA 16.84 h, members so far: 197
2026-08-19T20:08:56+0000 HEARTBEAT segments 166750/360000 (this run: 166750, 3.19 seg/s) ETA 16.83 h, members so far: 197
2026-08-19T20:10:31+0000 HEARTBEAT segments 167000/360000 (this run: 167000, 3.19 seg/s) ETA 16.81 h, members so far: 197
2026-08-19T20:12:08+0000 HEARTBEAT segments 167250/360000 (this run: 167250, 3.19 seg/s) ETA 16.80 h, members so far: 197
2026-08-19T20:13:44+0000 HEARTBEAT segments 167500/360000 (this run: 167500, 3.19 seg/s) ETA 16.78 h, members so far: 197
2026-08-19T20:15:17+0000 HEARTBEAT segments 167750/360000 (this run: 167750, 3.19 seg/s) ETA 16.76 h, members so far: 197
2026-08-19T20:15:50+0000 MEMBER m=5195555643465 sigma=10391104880640 d=6406290 x=1622016 square=False (seg 167822, confirmed)
2026-08-19T20:16:54+0000 HEARTBEAT segments 168000/360000 (this run: 168000, 3.18 seg/s) ETA 16.75 h, members so far: 198
2026-08-19T20:18:31+0000 HEARTBEAT segments 168250/360000 (this run: 168250, 3.18 seg/s) ETA 16.73 h, members so far: 198
2026-08-19T20:20:07+0000 HEARTBEAT segments 168500/360000 (this run: 168500, 3.18 seg/s) ETA 16.71 h, members so far: 198
2026-08-19T20:21:42+0000 HEARTBEAT segments 168750/360000 (this run: 168750, 3.18 seg/s) ETA 16.70 h, members so far: 198
2026-08-19T20:23:18+0000 HEARTBEAT segments 169000/360000 (this run: 169000, 3.18 seg/s) ETA 16.68 h, members so far: 198
2026-08-19T20:24:54+0000 HEARTBEAT segments 169250/360000 (this run: 169250, 3.18 seg/s) ETA 16.66 h, members so far: 198
2026-08-19T20:25:02+0000 MEMBER m=5231328117675 sigma=10462654097280 d=2138070 x=4893504 square=False (seg 169253, confirmed)
2026-08-19T20:26:32+0000 HEARTBEAT segments 169500/360000 (this run: 169500, 3.18 seg/s) ETA 16.65 h, members so far: 199
2026-08-19T20:26:53+0000 MEMBER m=5239159902207 sigma=10478319667200 d=137214 x=76364800 square=False (seg 169566, confirmed)
2026-08-19T20:28:08+0000 HEARTBEAT segments 169750/360000 (this run: 169750, 3.18 seg/s) ETA 16.63 h, members so far: 200
2026-08-19T20:29:42+0000 HEARTBEAT segments 170000/360000 (this run: 170000, 3.18 seg/s) ETA 16.61 h, members so far: 200
2026-08-19T20:31:21+0000 HEARTBEAT segments 170250/360000 (this run: 170250, 3.18 seg/s) ETA 16.60 h, members so far: 200
2026-08-19T20:32:56+0000 HEARTBEAT segments 170500/360000 (this run: 170500, 3.17 seg/s) ETA 16.58 h, members so far: 200
2026-08-19T20:34:32+0000 HEARTBEAT segments 170750/360000 (this run: 170750, 3.17 seg/s) ETA 16.57 h, members so far: 200
2026-08-19T20:36:09+0000 HEARTBEAT segments 171000/360000 (this run: 171000, 3.17 seg/s) ETA 16.55 h, members so far: 200
2026-08-19T20:37:47+0000 HEARTBEAT segments 171250/360000 (this run: 171250, 3.17 seg/s) ETA 16.53 h, members so far: 200
2026-08-19T20:39:22+0000 HEARTBEAT segments 171500/360000 (this run: 171500, 3.17 seg/s) ETA 16.52 h, members so far: 200
2026-08-19T20:41:01+0000 HEARTBEAT segments 171750/360000 (this run: 171750, 3.17 seg/s) ETA 16.50 h, members so far: 200
2026-08-19T20:42:39+0000 HEARTBEAT segments 172000/360000 (this run: 172000, 3.17 seg/s) ETA 16.48 h, members so far: 200
2026-08-19T20:44:15+0000 HEARTBEAT segments 172250/360000 (this run: 172250, 3.17 seg/s) ETA 16.47 h, members so far: 200
2026-08-19T20:45:52+0000 HEARTBEAT segments 172500/360000 (this run: 172500, 3.17 seg/s) ETA 16.45 h, members so far: 200
2026-08-19T20:47:29+0000 HEARTBEAT segments 172750/360000 (this run: 172750, 3.16 seg/s) ETA 16.43 h, members so far: 200
2026-08-19T20:49:04+0000 HEARTBEAT segments 173000/360000 (this run: 173000, 3.16 seg/s) ETA 16.42 h, members so far: 200
2026-08-19T20:50:41+0000 HEARTBEAT segments 173250/360000 (this run: 173250, 3.16 seg/s) ETA 16.40 h, members so far: 200
2026-08-19T20:52:21+0000 HEARTBEAT segments 173500/360000 (this run: 173500, 3.16 seg/s) ETA 16.39 h, members so far: 200
2026-08-19T20:53:25+0000 MEMBER m=5341825844901 sigma=10683651686400 d=3402 x=3140403200 square=False (seg 173673, confirmed)
2026-08-19T20:53:57+0000 HEARTBEAT segments 173750/360000 (this run: 173750, 3.16 seg/s) ETA 16.37 h, members so far: 201
2026-08-19T20:55:35+0000 HEARTBEAT segments 174000/360000 (this run: 174000, 3.16 seg/s) ETA 16.35 h, members so far: 201
2026-08-19T20:57:13+0000 HEARTBEAT segments 174250/360000 (this run: 174250, 3.16 seg/s) ETA 16.34 h, members so far: 201
2026-08-19T20:58:52+0000 HEARTBEAT segments 174500/360000 (this run: 174500, 3.16 seg/s) ETA 16.32 h, members so far: 201
2026-08-19T21:00:29+0000 HEARTBEAT segments 174750/360000 (this run: 174750, 3.16 seg/s) ETA 16.30 h, members so far: 201
2026-08-19T21:02:06+0000 HEARTBEAT segments 175000/360000 (this run: 175000, 3.16 seg/s) ETA 16.29 h, members so far: 201
2026-08-19T21:03:41+0000 HEARTBEAT segments 175250/360000 (this run: 175250, 3.15 seg/s) ETA 16.27 h, members so far: 201
2026-08-19T21:05:18+0000 HEARTBEAT segments 175500/360000 (this run: 175500, 3.15 seg/s) ETA 16.25 h, members so far: 201
2026-08-19T21:06:58+0000 HEARTBEAT segments 175750/360000 (this run: 175750, 3.15 seg/s) ETA 16.24 h, members so far: 201
2026-08-19T21:08:33+0000 HEARTBEAT segments 176000/360000 (this run: 176000, 3.15 seg/s) ETA 16.22 h, members so far: 201
2026-08-19T21:10:10+0000 HEARTBEAT segments 176250/360000 (this run: 176250, 3.15 seg/s) ETA 16.20 h, members so far: 201
2026-08-19T21:11:49+0000 HEARTBEAT segments 176500/360000 (this run: 176500, 3.15 seg/s) ETA 16.19 h, members so far: 201
2026-08-19T21:13:26+0000 HEARTBEAT segments 176750/360000 (this run: 176750, 3.15 seg/s) ETA 16.17 h, members so far: 201
2026-08-19T21:15:03+0000 HEARTBEAT segments 177000/360000 (this run: 177000, 3.15 seg/s) ETA 16.15 h, members so far: 201
2026-08-19T21:16:41+0000 HEARTBEAT segments 177250/360000 (this run: 177250, 3.15 seg/s) ETA 16.13 h, members so far: 201
2026-08-19T21:18:17+0000 HEARTBEAT segments 177500/360000 (this run: 177500, 3.15 seg/s) ETA 16.12 h, members so far: 201
2026-08-19T21:18:18+0000 MEMBER m=5437915576875 sigma=10875831120000 d=33750 x=322246848 square=False (seg 177516, confirmed)
2026-08-19T21:19:54+0000 HEARTBEAT segments 177750/360000 (this run: 177750, 3.14 seg/s) ETA 16.10 h, members so far: 202
2026-08-19T21:21:34+0000 HEARTBEAT segments 178000/360000 (this run: 178000, 3.14 seg/s) ETA 16.08 h, members so far: 202
2026-08-19T21:23:11+0000 HEARTBEAT segments 178250/360000 (this run: 178250, 3.14 seg/s) ETA 16.07 h, members so far: 202
2026-08-19T21:24:47+0000 HEARTBEAT segments 178500/360000 (this run: 178500, 3.14 seg/s) ETA 16.05 h, members so far: 202
2026-08-19T21:25:45+0000 MEMBER m=5465914555725 sigma=10931829068160 d=43290 x=252525504 square=False (seg 178636, confirmed)
2026-08-19T21:26:27+0000 HEARTBEAT segments 178750/360000 (this run: 178750, 3.14 seg/s) ETA 16.03 h, members so far: 203
2026-08-19T21:27:47+0000 MEMBER m=5474315508795 sigma=10948631016960 d=630 x=17378779392 square=False (seg 178972, confirmed)
2026-08-19T21:28:06+0000 HEARTBEAT segments 179000/360000 (this run: 179000, 3.14 seg/s) ETA 16.02 h, members so far: 204
2026-08-19T21:29:43+0000 HEARTBEAT segments 179250/360000 (this run: 179250, 3.14 seg/s) ETA 16.00 h, members so far: 204
2026-08-19T21:31:22+0000 HEARTBEAT segments 179500/360000 (this run: 179500, 3.14 seg/s) ETA 15.98 h, members so far: 204
2026-08-19T21:32:59+0000 HEARTBEAT segments 179750/360000 (this run: 179750, 3.14 seg/s) ETA 15.96 h, members so far: 204
2026-08-19T21:34:35+0000 HEARTBEAT segments 180000/360000 (this run: 180000, 3.14 seg/s) ETA 15.95 h, members so far: 204
2026-08-19T21:36:13+0000 HEARTBEAT segments 180250/360000 (this run: 180250, 3.13 seg/s) ETA 15.93 h, members so far: 204
2026-08-19T21:37:50+0000 HEARTBEAT segments 180500/360000 (this run: 180500, 3.13 seg/s) ETA 15.91 h, members so far: 204
2026-08-19T21:39:30+0000 HEARTBEAT segments 180750/360000 (this run: 180750, 3.13 seg/s) ETA 15.90 h, members so far: 204
2026-08-19T21:39:52+0000 MEMBER m=5519850216111 sigma=11039700418560 d=13662 x=808058880 square=False (seg 180794, confirmed)
2026-08-19T21:41:09+0000 HEARTBEAT segments 181000/360000 (this run: 181000, 3.13 seg/s) ETA 15.88 h, members so far: 205
2026-08-19T21:42:49+0000 HEARTBEAT segments 181250/360000 (this run: 181250, 3.13 seg/s) ETA 15.86 h, members so far: 205
2026-08-19T21:44:25+0000 HEARTBEAT segments 181500/360000 (this run: 181500, 3.13 seg/s) ETA 15.85 h, members so far: 205
2026-08-19T21:46:05+0000 HEARTBEAT segments 181750/360000 (this run: 181750, 3.13 seg/s) ETA 15.83 h, members so far: 205
2026-08-19T21:47:43+0000 HEARTBEAT segments 182000/360000 (this run: 182000, 3.13 seg/s) ETA 15.81 h, members so far: 205
2026-08-19T21:49:19+0000 HEARTBEAT segments 182250/360000 (this run: 182250, 3.13 seg/s) ETA 15.79 h, members so far: 205
2026-08-19T21:50:58+0000 HEARTBEAT segments 182500/360000 (this run: 182500, 3.13 seg/s) ETA 15.78 h, members so far: 205
2026-08-19T21:52:37+0000 HEARTBEAT segments 182750/360000 (this run: 182750, 3.12 seg/s) ETA 15.76 h, members so far: 205
2026-08-19T21:54:15+0000 HEARTBEAT segments 183000/360000 (this run: 183000, 3.12 seg/s) ETA 15.74 h, members so far: 205
2026-08-19T21:55:54+0000 HEARTBEAT segments 183250/360000 (this run: 183250, 3.12 seg/s) ETA 15.72 h, members so far: 205
2026-08-19T21:57:32+0000 HEARTBEAT segments 183500/360000 (this run: 183500, 3.12 seg/s) ETA 15.71 h, members so far: 205
2026-08-19T21:57:59+0000 MEMBER m=5589402175035 sigma=11178804349440 d=630 x=17744133888 square=False (seg 183576, confirmed)
2026-08-19T21:59:11+0000 HEARTBEAT segments 183750/360000 (this run: 183750, 3.12 seg/s) ETA 15.69 h, members so far: 206
2026-08-19T22:00:49+0000 HEARTBEAT segments 184000/360000 (this run: 184000, 3.12 seg/s) ETA 15.67 h, members so far: 206
2026-08-19T22:02:29+0000 HEARTBEAT segments 184250/360000 (this run: 184250, 3.12 seg/s) ETA 15.66 h, members so far: 206
2026-08-19T22:04:07+0000 HEARTBEAT segments 184500/360000 (this run: 184500, 3.12 seg/s) ETA 15.64 h, members so far: 206
2026-08-19T22:05:46+0000 HEARTBEAT segments 184750/360000 (this run: 184750, 3.12 seg/s) ETA 15.62 h, members so far: 206
2026-08-19T22:07:25+0000 HEARTBEAT segments 185000/360000 (this run: 185000, 3.12 seg/s) ETA 15.60 h, members so far: 206
2026-08-19T22:09:03+0000 HEARTBEAT segments 185250/360000 (this run: 185250, 3.11 seg/s) ETA 15.59 h, members so far: 206
2026-08-19T22:10:14+0000 MEMBER m=5635514380275 sigma=11271028608000 d=152550 x=73884160 square=False (seg 185420, confirmed)
2026-08-19T22:10:42+0000 HEARTBEAT segments 185500/360000 (this run: 185500, 3.11 seg/s) ETA 15.57 h, members so far: 207
2026-08-19T22:12:20+0000 HEARTBEAT segments 185750/360000 (this run: 185750, 3.11 seg/s) ETA 15.55 h, members so far: 207
2026-08-19T22:13:58+0000 HEARTBEAT segments 186000/360000 (this run: 186000, 3.11 seg/s) ETA 15.53 h, members so far: 207
2026-08-19T22:15:37+0000 HEARTBEAT segments 186250/360000 (this run: 186250, 3.11 seg/s) ETA 15.52 h, members so far: 207
2026-08-19T22:17:18+0000 HEARTBEAT segments 186500/360000 (this run: 186500, 3.11 seg/s) ETA 15.50 h, members so far: 207
2026-08-19T22:18:55+0000 HEARTBEAT segments 186750/360000 (this run: 186750, 3.11 seg/s) ETA 15.48 h, members so far: 207
2026-08-19T22:20:35+0000 HEARTBEAT segments 187000/360000 (this run: 187000, 3.11 seg/s) ETA 15.46 h, members so far: 207
2026-08-19T22:22:16+0000 HEARTBEAT segments 187250/360000 (this run: 187250, 3.11 seg/s) ETA 15.45 h, members so far: 207
2026-08-19T22:23:54+0000 HEARTBEAT segments 187500/360000 (this run: 187500, 3.11 seg/s) ETA 15.43 h, members so far: 207
2026-08-19T22:25:32+0000 HEARTBEAT segments 187750/360000 (this run: 187750, 3.10 seg/s) ETA 15.41 h, members so far: 207
2026-08-19T22:27:12+0000 HEARTBEAT segments 188000/360000 (this run: 188000, 3.10 seg/s) ETA 15.39 h, members so far: 207
2026-08-19T22:28:51+0000 HEARTBEAT segments 188250/360000 (this run: 188250, 3.10 seg/s) ETA 15.37 h, members so far: 207
2026-08-19T22:30:31+0000 HEARTBEAT segments 188500/360000 (this run: 188500, 3.10 seg/s) ETA 15.36 h, members so far: 207
2026-08-19T22:32:13+0000 HEARTBEAT segments 188750/360000 (this run: 188750, 3.10 seg/s) ETA 15.34 h, members so far: 207
2026-08-19T22:33:52+0000 HEARTBEAT segments 189000/360000 (this run: 189000, 3.10 seg/s) ETA 15.32 h, members so far: 207
2026-08-19T22:35:29+0000 HEARTBEAT segments 189250/360000 (this run: 189250, 3.10 seg/s) ETA 15.30 h, members so far: 207
2026-08-19T22:37:10+0000 HEARTBEAT segments 189500/360000 (this run: 189500, 3.10 seg/s) ETA 15.29 h, members so far: 207
2026-08-19T22:38:49+0000 HEARTBEAT segments 189750/360000 (this run: 189750, 3.10 seg/s) ETA 15.27 h, members so far: 207
2026-08-19T22:39:26+0000 MEMBER m=5746392384579 sigma=11492781189120 d=3580038 x=3210240 square=False (seg 189855, confirmed)
2026-08-19T22:40:31+0000 HEARTBEAT segments 190000/360000 (this run: 190000, 3.10 seg/s) ETA 15.25 h, members so far: 208
2026-08-19T22:42:11+0000 HEARTBEAT segments 190250/360000 (this run: 190250, 3.10 seg/s) ETA 15.23 h, members so far: 208
2026-08-19T22:43:48+0000 HEARTBEAT segments 190500/360000 (this run: 190500, 3.09 seg/s) ETA 15.22 h, members so far: 208
2026-08-19T22:45:29+0000 HEARTBEAT segments 190750/360000 (this run: 190750, 3.09 seg/s) ETA 15.20 h, members so far: 208
2026-08-19T22:47:11+0000 HEARTBEAT segments 191000/360000 (this run: 191000, 3.09 seg/s) ETA 15.18 h, members so far: 208
2026-08-19T22:48:50+0000 HEARTBEAT segments 191250/360000 (this run: 191250, 3.09 seg/s) ETA 15.16 h, members so far: 208
2026-08-19T22:50:29+0000 HEARTBEAT segments 191500/360000 (this run: 191500, 3.09 seg/s) ETA 15.15 h, members so far: 208
2026-08-19T22:52:11+0000 HEARTBEAT segments 191750/360000 (this run: 191750, 3.09 seg/s) ETA 15.13 h, members so far: 208
2026-08-19T22:52:35+0000 MEMBER m=5795052238125 sigma=11590089984000 d=14492250 x=799744 square=False (seg 191802, confirmed)
2026-08-19T22:53:49+0000 HEARTBEAT segments 192000/360000 (this run: 192000, 3.09 seg/s) ETA 15.11 h, members so far: 209
2026-08-19T22:55:30+0000 HEARTBEAT segments 192250/360000 (this run: 192250, 3.09 seg/s) ETA 15.09 h, members so far: 209
2026-08-19T22:57:11+0000 HEARTBEAT segments 192500/360000 (this run: 192500, 3.09 seg/s) ETA 15.07 h, members so far: 209
2026-08-19T22:58:49+0000 HEARTBEAT segments 192750/360000 (this run: 192750, 3.09 seg/s) ETA 15.06 h, members so far: 209
2026-08-19T23:00:31+0000 HEARTBEAT segments 193000/360000 (this run: 193000, 3.08 seg/s) ETA 15.04 h, members so far: 209
2026-08-19T23:02:11+0000 HEARTBEAT segments 193250/360000 (this run: 193250, 3.08 seg/s) ETA 15.02 h, members so far: 209
2026-08-19T23:03:50+0000 HEARTBEAT segments 193500/360000 (this run: 193500, 3.08 seg/s) ETA 15.00 h, members so far: 209
2026-08-19T23:05:31+0000 HEARTBEAT segments 193750/360000 (this run: 193750, 3.08 seg/s) ETA 14.98 h, members so far: 209
2026-08-19T23:07:13+0000 HEARTBEAT segments 194000/360000 (this run: 194000, 3.08 seg/s) ETA 14.97 h, members so far: 209
2026-08-19T23:08:51+0000 HEARTBEAT segments 194250/360000 (this run: 194250, 3.08 seg/s) ETA 14.95 h, members so far: 209
2026-08-19T23:10:32+0000 HEARTBEAT segments 194500/360000 (this run: 194500, 3.08 seg/s) ETA 14.93 h, members so far: 209
2026-08-19T23:12:12+0000 HEARTBEAT segments 194750/360000 (this run: 194750, 3.08 seg/s) ETA 14.91 h, members so far: 209
2026-08-19T23:13:06+0000 MEMBER m=5871740435055 sigma=11743480869120 d=990 x=11862101888 square=False (seg 194869, confirmed)
2026-08-19T23:13:51+0000 HEARTBEAT segments 195000/360000 (this run: 195000, 3.08 seg/s) ETA 14.89 h, members so far: 210
2026-08-19T23:15:32+0000 HEARTBEAT segments 195250/360000 (this run: 195250, 3.08 seg/s) ETA 14.88 h, members so far: 210
2026-08-19T23:17:13+0000 HEARTBEAT segments 195500/360000 (this run: 195500, 3.08 seg/s) ETA 14.86 h, members so far: 210
2026-08-19T23:18:53+0000 HEARTBEAT segments 195750/360000 (this run: 195750, 3.07 seg/s) ETA 14.84 h, members so far: 210
2026-08-19T23:19:12+0000 MEMBER m=5894504179515 sigma=11789008358400 d=630 x=18712711680 square=False (seg 195780, confirmed)
2026-08-19T23:19:49+0000 MEMBER m=5896816854705 sigma=11793633696000 d=13410 x=879465600 square=False (seg 195872, confirmed)
2026-08-19T23:20:35+0000 HEARTBEAT segments 196000/360000 (this run: 196000, 3.07 seg/s) ETA 14.82 h, members so far: 212
2026-08-19T23:22:17+0000 HEARTBEAT segments 196250/360000 (this run: 196250, 3.07 seg/s) ETA 14.80 h, members so far: 212
2026-08-19T23:23:57+0000 HEARTBEAT segments 196500/360000 (this run: 196500, 3.07 seg/s) ETA 14.79 h, members so far: 212
2026-08-19T23:25:38+0000 HEARTBEAT segments 196750/360000 (this run: 196750, 3.07 seg/s) ETA 14.77 h, members so far: 212
2026-08-19T23:27:21+0000 HEARTBEAT segments 197000/360000 (this run: 197000, 3.07 seg/s) ETA 14.75 h, members so far: 212
2026-08-19T23:29:01+0000 HEARTBEAT segments 197250/360000 (this run: 197250, 3.07 seg/s) ETA 14.73 h, members so far: 212
2026-08-19T23:29:38+0000 MEMBER m=5933949949305 sigma=11867899680000 d=218610 x=54288000 square=False (seg 197357, confirmed)
2026-08-19T23:30:43+0000 HEARTBEAT segments 197500/360000 (this run: 197500, 3.07 seg/s) ETA 14.71 h, members so far: 213
2026-08-19T23:32:26+0000 HEARTBEAT segments 197750/360000 (this run: 197750, 3.07 seg/s) ETA 14.70 h, members so far: 213
2026-08-19T23:34:03+0000 HEARTBEAT segments 198000/360000 (this run: 198000, 3.07 seg/s) ETA 14.68 h, members so far: 213
2026-08-19T23:35:45+0000 HEARTBEAT segments 198250/360000 (this run: 198250, 3.07 seg/s) ETA 14.66 h, members so far: 213
2026-08-19T23:37:27+0000 HEARTBEAT segments 198500/360000 (this run: 198500, 3.06 seg/s) ETA 14.64 h, members so far: 213
2026-08-19T23:39:08+0000 HEARTBEAT segments 198750/360000 (this run: 198750, 3.06 seg/s) ETA 14.62 h, members so far: 213
2026-08-19T23:40:50+0000 HEARTBEAT segments 199000/360000 (this run: 199000, 3.06 seg/s) ETA 14.60 h, members so far: 213
2026-08-19T23:42:32+0000 HEARTBEAT segments 199250/360000 (this run: 199250, 3.06 seg/s) ETA 14.59 h, members so far: 213
2026-08-19T23:44:11+0000 HEARTBEAT segments 199500/360000 (this run: 199500, 3.06 seg/s) ETA 14.57 h, members so far: 213
2026-08-19T23:44:58+0000 MEMBER m=5990069502765 sigma=11980127577600 d=11427930 x=1048320 square=False (seg 199602, confirmed)
2026-08-19T23:45:53+0000 HEARTBEAT segments 199750/360000 (this run: 199750, 3.06 seg/s) ETA 14.55 h, members so far: 214
2026-08-19T23:47:37+0000 HEARTBEAT segments 200000/360000 (this run: 200000, 3.06 seg/s) ETA 14.53 h, members so far: 214
2026-08-19T23:49:17+0000 HEARTBEAT segments 200250/360000 (this run: 200250, 3.06 seg/s) ETA 14.51 h, members so far: 214
2026-08-19T23:50:58+0000 HEARTBEAT segments 200500/360000 (this run: 200500, 3.06 seg/s) ETA 14.49 h, members so far: 214
2026-08-19T23:51:24+0000 MEMBER m=6013821240999 sigma=12027624111360 d=18370638 x=654720 square=False (seg 200552, confirmed)
2026-08-19T23:52:39+0000 HEARTBEAT segments 200750/360000 (this run: 200750, 3.06 seg/s) ETA 14.48 h, members so far: 215
2026-08-19T23:54:20+0000 HEARTBEAT segments 201000/360000 (this run: 201000, 3.05 seg/s) ETA 14.46 h, members so far: 215
2026-08-19T23:56:04+0000 HEARTBEAT segments 201250/360000 (this run: 201250, 3.05 seg/s) ETA 14.44 h, members so far: 215
2026-08-19T23:57:46+0000 HEARTBEAT segments 201500/360000 (this run: 201500, 3.05 seg/s) ETA 14.42 h, members so far: 215
2026-08-19T23:59:26+0000 HEARTBEAT segments 201750/360000 (this run: 201750, 3.05 seg/s) ETA 14.40 h, members so far: 215
2026-08-20T00:01:10+0000 HEARTBEAT segments 202000/360000 (this run: 202000, 3.05 seg/s) ETA 14.38 h, members so far: 215
2026-08-20T00:02:49+0000 HEARTBEAT segments 202250/360000 (this run: 202250, 3.05 seg/s) ETA 14.37 h, members so far: 215
2026-08-20T00:03:33+0000 MEMBER m=6058545023115 sigma=12117085778304 d=4267926 x=2839104 square=False (seg 202341, confirmed)
2026-08-20T00:04:30+0000 HEARTBEAT segments 202500/360000 (this run: 202500, 3.05 seg/s) ETA 14.35 h, members so far: 216
2026-08-20T00:06:13+0000 HEARTBEAT segments 202750/360000 (this run: 202750, 3.05 seg/s) ETA 14.33 h, members so far: 216
2026-08-20T00:07:53+0000 HEARTBEAT segments 203000/360000 (this run: 203000, 3.05 seg/s) ETA 14.31 h, members so far: 216
2026-08-20T00:09:35+0000 HEARTBEAT segments 203250/360000 (this run: 203250, 3.05 seg/s) ETA 14.29 h, members so far: 216
2026-08-20T00:11:17+0000 HEARTBEAT segments 203500/360000 (this run: 203500, 3.05 seg/s) ETA 14.27 h, members so far: 216
2026-08-20T00:12:59+0000 HEARTBEAT segments 203750/360000 (this run: 203750, 3.04 seg/s) ETA 14.25 h, members so far: 216
2026-08-20T00:14:40+0000 HEARTBEAT segments 204000/360000 (this run: 204000, 3.04 seg/s) ETA 14.24 h, members so far: 216
2026-08-20T00:16:24+0000 HEARTBEAT segments 204250/360000 (this run: 204250, 3.04 seg/s) ETA 14.22 h, members so far: 216
2026-08-20T00:18:05+0000 HEARTBEAT segments 204500/360000 (this run: 204500, 3.04 seg/s) ETA 14.20 h, members so far: 216
2026-08-20T00:19:45+0000 HEARTBEAT segments 204750/360000 (this run: 204750, 3.04 seg/s) ETA 14.18 h, members so far: 216
2026-08-20T00:21:29+0000 HEARTBEAT segments 205000/360000 (this run: 205000, 3.04 seg/s) ETA 14.16 h, members so far: 216
2026-08-20T00:23:09+0000 HEARTBEAT segments 205250/360000 (this run: 205250, 3.04 seg/s) ETA 14.14 h, members so far: 216
2026-08-20T00:24:50+0000 HEARTBEAT segments 205500/360000 (this run: 205500, 3.04 seg/s) ETA 14.12 h, members so far: 216
2026-08-20T00:26:35+0000 HEARTBEAT segments 205750/360000 (this run: 205750, 3.04 seg/s) ETA 14.10 h, members so far: 216
2026-08-20T00:28:15+0000 HEARTBEAT segments 206000/360000 (this run: 206000, 3.04 seg/s) ETA 14.09 h, members so far: 216
2026-08-20T00:29:55+0000 HEARTBEAT segments 206250/360000 (this run: 206250, 3.04 seg/s) ETA 14.07 h, members so far: 216
2026-08-20T00:31:39+0000 HEARTBEAT segments 206500/360000 (this run: 206500, 3.04 seg/s) ETA 14.05 h, members so far: 216
2026-08-20T00:31:55+0000 MEMBER m=6162934515975 sigma=12325868236800 d=795150 x=15501312 square=False (seg 206517, confirmed)
2026-08-20T00:32:29+0000 MEMBER m=6165748416135 sigma=12331496816640 d=15630 x=788963328 square=False (seg 206629, confirmed)
2026-08-20T00:32:44+0000 MEMBER m=6166173932325 sigma=12332347822080 d=42570 x=289695744 square=False (seg 206646, confirmed)
2026-08-20T00:33:22+0000 HEARTBEAT segments 206750/360000 (this run: 206750, 3.03 seg/s) ETA 14.03 h, members so far: 219
2026-08-20T00:35:05+0000 HEARTBEAT segments 207000/360000 (this run: 207000, 3.03 seg/s) ETA 14.01 h, members so far: 219
2026-08-20T00:36:49+0000 HEARTBEAT segments 207250/360000 (this run: 207250, 3.03 seg/s) ETA 13.99 h, members so far: 219
2026-08-20T00:38:31+0000 HEARTBEAT segments 207500/360000 (this run: 207500, 3.03 seg/s) ETA 13.97 h, members so far: 219
2026-08-20T00:40:13+0000 HEARTBEAT segments 207750/360000 (this run: 207750, 3.03 seg/s) ETA 13.95 h, members so far: 219
2026-08-20T00:41:57+0000 HEARTBEAT segments 208000/360000 (this run: 208000, 3.03 seg/s) ETA 13.94 h, members so far: 219
2026-08-20T00:43:00+0000 MEMBER m=6204135354417 sigma=12408266707200 d=4001634 x=3100800 square=False (seg 208165, confirmed)
2026-08-20T00:43:40+0000 HEARTBEAT segments 208250/360000 (this run: 208250, 3.03 seg/s) ETA 13.92 h, members so far: 220
2026-08-20T00:45:21+0000 HEARTBEAT segments 208500/360000 (this run: 208500, 3.03 seg/s) ETA 13.90 h, members so far: 220
2026-08-20T00:47:05+0000 HEARTBEAT segments 208750/360000 (this run: 208750, 3.03 seg/s) ETA 13.88 h, members so far: 220
2026-08-20T00:48:47+0000 HEARTBEAT segments 209000/360000 (this run: 209000, 3.03 seg/s) ETA 13.86 h, members so far: 220
2026-08-20T00:50:28+0000 HEARTBEAT segments 209250/360000 (this run: 209250, 3.03 seg/s) ETA 13.84 h, members so far: 220
2026-08-20T00:52:15+0000 HEARTBEAT segments 209500/360000 (this run: 209500, 3.02 seg/s) ETA 13.82 h, members so far: 220
2026-08-20T00:53:55+0000 HEARTBEAT segments 209750/360000 (this run: 209750, 3.02 seg/s) ETA 13.80 h, members so far: 220
2026-08-20T00:55:41+0000 HEARTBEAT segments 210000/360000 (this run: 210000, 3.02 seg/s) ETA 13.78 h, members so far: 220
2026-08-20T00:57:26+0000 HEARTBEAT segments 210250/360000 (this run: 210250, 3.02 seg/s) ETA 13.77 h, members so far: 220
2026-08-20T00:59:05+0000 HEARTBEAT segments 210500/360000 (this run: 210500, 3.02 seg/s) ETA 13.75 h, members so far: 220
2026-08-20T01:00:49+0000 HEARTBEAT segments 210750/360000 (this run: 210750, 3.02 seg/s) ETA 13.73 h, members so far: 220
2026-08-20T01:02:33+0000 HEARTBEAT segments 211000/360000 (this run: 211000, 3.02 seg/s) ETA 13.71 h, members so far: 220
2026-08-20T01:04:14+0000 HEARTBEAT segments 211250/360000 (this run: 211250, 3.02 seg/s) ETA 13.69 h, members so far: 220
2026-08-20T01:04:34+0000 MEMBER m=6282165510621 sigma=12564329057280 d=1963962 x=6397440 square=False (seg 211286, confirmed)
2026-08-20T01:05:57+0000 HEARTBEAT segments 211500/360000 (this run: 211500, 3.02 seg/s) ETA 13.67 h, members so far: 221
2026-08-20T01:07:41+0000 HEARTBEAT segments 211750/360000 (this run: 211750, 3.02 seg/s) ETA 13.65 h, members so far: 221
2026-08-20T01:09:25+0000 HEARTBEAT segments 212000/360000 (this run: 212000, 3.02 seg/s) ETA 13.63 h, members so far: 221
2026-08-20T01:11:08+0000 HEARTBEAT segments 212250/360000 (this run: 212250, 3.01 seg/s) ETA 13.61 h, members so far: 221
2026-08-20T01:12:52+0000 HEARTBEAT segments 212500/360000 (this run: 212500, 3.01 seg/s) ETA 13.59 h, members so far: 221
2026-08-20T01:14:35+0000 HEARTBEAT segments 212750/360000 (this run: 212750, 3.01 seg/s) ETA 13.58 h, members so far: 221
2026-08-20T01:16:20+0000 HEARTBEAT segments 213000/360000 (this run: 213000, 3.01 seg/s) ETA 13.56 h, members so far: 221
2026-08-20T01:18:06+0000 HEARTBEAT segments 213250/360000 (this run: 213250, 3.01 seg/s) ETA 13.54 h, members so far: 221
2026-08-20T01:19:46+0000 HEARTBEAT segments 213500/360000 (this run: 213500, 3.01 seg/s) ETA 13.52 h, members so far: 221
2026-08-20T01:19:58+0000 MEMBER m=6337854996585 sigma=12675709992960 d=210 x=60360523776 square=False (seg 213514, confirmed)
2026-08-20T01:21:32+0000 HEARTBEAT segments 213750/360000 (this run: 213750, 3.01 seg/s) ETA 13.50 h, members so far: 222
2026-08-20T01:23:13+0000 HEARTBEAT segments 214000/360000 (this run: 214000, 3.01 seg/s) ETA 13.48 h, members so far: 222
2026-08-20T01:24:56+0000 HEARTBEAT segments 214250/360000 (this run: 214250, 3.01 seg/s) ETA 13.46 h, members so far: 222
2026-08-20T01:26:43+0000 HEARTBEAT segments 214500/360000 (this run: 214500, 3.01 seg/s) ETA 13.44 h, members so far: 222
2026-08-20T01:28:25+0000 HEARTBEAT segments 214750/360000 (this run: 214750, 3.01 seg/s) ETA 13.42 h, members so far: 222
2026-08-20T01:30:08+0000 HEARTBEAT segments 215000/360000 (this run: 215000, 3.01 seg/s) ETA 13.40 h, members so far: 222
2026-08-20T01:31:55+0000 HEARTBEAT segments 215250/360000 (this run: 215250, 3.00 seg/s) ETA 13.38 h, members so far: 222
2026-08-20T01:33:37+0000 HEARTBEAT segments 215500/360000 (this run: 215500, 3.00 seg/s) ETA 13.36 h, members so far: 222
2026-08-20T01:35:21+0000 HEARTBEAT segments 215750/360000 (this run: 215750, 3.00 seg/s) ETA 13.35 h, members so far: 222
2026-08-20T01:37:07+0000 HEARTBEAT segments 216000/360000 (this run: 216000, 3.00 seg/s) ETA 13.33 h, members so far: 222
2026-08-20T01:38:50+0000 HEARTBEAT segments 216250/360000 (this run: 216250, 3.00 seg/s) ETA 13.31 h, members so far: 222
2026-08-20T01:40:34+0000 HEARTBEAT segments 216500/360000 (this run: 216500, 3.00 seg/s) ETA 13.29 h, members so far: 222
2026-08-20T01:42:19+0000 HEARTBEAT segments 216750/360000 (this run: 216750, 3.00 seg/s) ETA 13.27 h, members so far: 222
2026-08-20T01:44:00+0000 HEARTBEAT segments 217000/360000 (this run: 217000, 3.00 seg/s) ETA 13.25 h, members so far: 222
2026-08-20T01:45:46+0000 HEARTBEAT segments 217250/360000 (this run: 217250, 3.00 seg/s) ETA 13.23 h, members so far: 222
2026-08-20T01:46:35+0000 MEMBER m=6434362658997 sigma=12868688064960 d=37253034 x=345440 square=False (seg 217374, confirmed)
2026-08-20T01:47:31+0000 HEARTBEAT segments 217500/360000 (this run: 217500, 3.00 seg/s) ETA 13.21 h, members so far: 223
2026-08-20T01:49:14+0000 HEARTBEAT segments 217750/360000 (this run: 217750, 3.00 seg/s) ETA 13.19 h, members so far: 223
2026-08-20T01:51:01+0000 HEARTBEAT segments 218000/360000 (this run: 218000, 2.99 seg/s) ETA 13.17 h, members so far: 223
2026-08-20T01:52:45+0000 HEARTBEAT segments 218250/360000 (this run: 218250, 2.99 seg/s) ETA 13.15 h, members so far: 223
2026-08-20T01:54:30+0000 HEARTBEAT segments 218500/360000 (this run: 218500, 2.99 seg/s) ETA 13.13 h, members so far: 223
2026-08-20T01:56:16+0000 HEARTBEAT segments 218750/360000 (this run: 218750, 2.99 seg/s) ETA 13.11 h, members so far: 223
2026-08-20T01:58:01+0000 HEARTBEAT segments 219000/360000 (this run: 219000, 2.99 seg/s) ETA 13.09 h, members so far: 223
2026-08-20T01:58:03+0000 MEMBER m=6474882197925 sigma=12949742592000 d=21803850 x=593920 square=False (seg 218995, confirmed)
2026-08-20T01:58:59+0000 MEMBER m=6478940951325 sigma=12957881713920 d=188730 x=68658304 square=False (seg 219157, confirmed)
2026-08-20T01:59:44+0000 HEARTBEAT segments 219250/360000 (this run: 219250, 2.99 seg/s) ETA 13.07 h, members so far: 225
2026-08-20T02:00:49+0000 MEMBER m=6484786462935 sigma=12969016220160 d=556705710 x=23296 square=False (seg 219391, confirmed)
2026-08-20T02:01:31+0000 HEARTBEAT segments 219500/360000 (this run: 219500, 2.99 seg/s) ETA 13.06 h, members so far: 226
2026-08-20T02:03:16+0000 HEARTBEAT segments 219750/360000 (this run: 219750, 2.99 seg/s) ETA 13.04 h, members so far: 226
2026-08-20T02:04:59+0000 HEARTBEAT segments 220000/360000 (this run: 220000, 2.99 seg/s) ETA 13.02 h, members so far: 226
2026-08-20T02:06:45+0000 HEARTBEAT segments 220250/360000 (this run: 220250, 2.99 seg/s) ETA 13.00 h, members so far: 226
2026-08-20T02:08:30+0000 HEARTBEAT segments 220500/360000 (this run: 220500, 2.99 seg/s) ETA 12.98 h, members so far: 226
2026-08-20T02:09:58+0000 MEMBER m=6517539620775 sigma=13035079094400 d=147150 x=88583616 square=False (seg 220701, confirmed)
2026-08-20T02:10:13+0000 HEARTBEAT segments 220750/360000 (this run: 220750, 2.99 seg/s) ETA 12.96 h, members so far: 227
2026-08-20T02:11:23+0000 MEMBER m=6522505036875 sigma=13044924288000 d=85785750 x=152064 square=False (seg 220900, confirmed)
2026-08-20T02:12:01+0000 HEARTBEAT segments 221000/360000 (this run: 221000, 2.98 seg/s) ETA 12.94 h, members so far: 228
2026-08-20T02:13:45+0000 HEARTBEAT segments 221250/360000 (this run: 221250, 2.98 seg/s) ETA 12.92 h, members so far: 228
2026-08-20T02:14:01+0000 MEMBER m=6531752556693 sigma=13063429177344 d=75936042 x=172032 square=False (seg 221270, confirmed)
2026-08-20T02:15:31+0000 HEARTBEAT segments 221500/360000 (this run: 221500, 2.98 seg/s) ETA 12.90 h, members so far: 229
2026-08-20T02:16:35+0000 MEMBER m=6540794242125 sigma=13081586918400 d=1565850 x=8354304 square=False (seg 221631, confirmed)
2026-08-20T02:16:40+0000 MEMBER m=6541749356373 sigma=13083497602560 d=1110186 x=11784960 square=False (seg 221669, confirmed)
2026-08-20T02:17:18+0000 HEARTBEAT segments 221750/360000 (this run: 221750, 2.98 seg/s) ETA 12.88 h, members so far: 231
2026-08-20T02:18:54+0000 MEMBER m=6549165448749 sigma=13098330685440 d=212058 x=61767680 square=False (seg 221966, confirmed)
2026-08-20T02:19:02+0000 HEARTBEAT segments 222000/360000 (this run: 222000, 2.98 seg/s) ETA 12.86 h, members so far: 232
2026-08-20T02:20:49+0000 HEARTBEAT segments 222250/360000 (this run: 222250, 2.98 seg/s) ETA 12.84 h, members so far: 232
2026-08-20T02:22:35+0000 HEARTBEAT segments 222500/360000 (this run: 222500, 2.98 seg/s) ETA 12.82 h, members so far: 232
2026-08-20T02:24:21+0000 HEARTBEAT segments 222750/360000 (this run: 222750, 2.98 seg/s) ETA 12.80 h, members so far: 232
2026-08-20T02:24:38+0000 MEMBER m=6570042152175 sigma=13140083088000 d=1216350 x=10802880 square=False (seg 222801, confirmed)
2026-08-20T02:26:13+0000 HEARTBEAT segments 223000/360000 (this run: 223000, 2.98 seg/s) ETA 12.78 h, members so far: 233
2026-08-20T02:27:58+0000 HEARTBEAT segments 223250/360000 (this run: 223250, 2.98 seg/s) ETA 12.76 h, members so far: 233
2026-08-20T02:29:42+0000 HEARTBEAT segments 223500/360000 (this run: 223500, 2.98 seg/s) ETA 12.74 h, members so far: 233
2026-08-20T02:31:30+0000 MEMBER m=6593848950195 sigma=13187697868800 d=31590 x=417464320 square=False (seg 223753, confirmed)
2026-08-20T02:31:31+0000 HEARTBEAT segments 223750/360000 (this run: 223750, 2.97 seg/s) ETA 12.72 h, members so far: 234
2026-08-20T02:33:16+0000 HEARTBEAT segments 224000/360000 (this run: 224000, 2.97 seg/s) ETA 12.70 h, members so far: 234
2026-08-20T02:35:01+0000 HEARTBEAT segments 224250/360000 (this run: 224250, 2.97 seg/s) ETA 12.68 h, members so far: 234
2026-08-20T02:36:47+0000 HEARTBEAT segments 224500/360000 (this run: 224500, 2.97 seg/s) ETA 12.67 h, members so far: 234
2026-08-20T02:38:33+0000 HEARTBEAT segments 224750/360000 (this run: 224750, 2.97 seg/s) ETA 12.65 h, members so far: 234
2026-08-20T02:40:19+0000 HEARTBEAT segments 225000/360000 (this run: 225000, 2.97 seg/s) ETA 12.63 h, members so far: 234
2026-08-20T02:42:06+0000 HEARTBEAT segments 225250/360000 (this run: 225250, 2.97 seg/s) ETA 12.61 h, members so far: 234
2026-08-20T02:43:51+0000 HEARTBEAT segments 225500/360000 (this run: 225500, 2.97 seg/s) ETA 12.59 h, members so far: 234
2026-08-20T02:45:36+0000 HEARTBEAT segments 225750/360000 (this run: 225750, 2.97 seg/s) ETA 12.57 h, members so far: 234
2026-08-20T02:47:24+0000 HEARTBEAT segments 226000/360000 (this run: 226000, 2.97 seg/s) ETA 12.55 h, members so far: 234
2026-08-20T02:49:09+0000 HEARTBEAT segments 226250/360000 (this run: 226250, 2.97 seg/s) ETA 12.53 h, members so far: 234
2026-08-20T02:50:53+0000 HEARTBEAT segments 226500/360000 (this run: 226500, 2.97 seg/s) ETA 12.51 h, members so far: 234
2026-08-20T02:52:39+0000 HEARTBEAT segments 226750/360000 (this run: 226750, 2.96 seg/s) ETA 12.49 h, members so far: 234
2026-08-20T02:54:26+0000 HEARTBEAT segments 227000/360000 (this run: 227000, 2.96 seg/s) ETA 12.47 h, members so far: 234
2026-08-20T02:56:11+0000 HEARTBEAT segments 227250/360000 (this run: 227250, 2.96 seg/s) ETA 12.45 h, members so far: 234
2026-08-20T02:56:30+0000 MEMBER m=6681948127335 sigma=13363837992960 d=58261710 x=229376 square=False (seg 227277, confirmed)
2026-08-20T02:58:01+0000 HEARTBEAT segments 227500/360000 (this run: 227500, 2.96 seg/s) ETA 12.43 h, members so far: 235
2026-08-20T02:59:44+0000 HEARTBEAT segments 227750/360000 (this run: 227750, 2.96 seg/s) ETA 12.41 h, members so far: 235
2026-08-20T03:01:32+0000 HEARTBEAT segments 228000/360000 (this run: 228000, 2.96 seg/s) ETA 12.39 h, members so far: 235
2026-08-20T03:03:16+0000 HEARTBEAT segments 228250/360000 (this run: 228250, 2.96 seg/s) ETA 12.37 h, members so far: 235
2026-08-20T03:05:02+0000 HEARTBEAT segments 228500/360000 (this run: 228500, 2.96 seg/s) ETA 12.35 h, members so far: 235
2026-08-20T03:06:50+0000 HEARTBEAT segments 228750/360000 (this run: 228750, 2.96 seg/s) ETA 12.33 h, members so far: 235
2026-08-20T03:07:17+0000 MEMBER m=6720607311795 sigma=13441213094400 d=1529190 x=8789760 square=False (seg 228824, confirmed)
2026-08-20T03:08:34+0000 HEARTBEAT segments 229000/360000 (this run: 229000, 2.96 seg/s) ETA 12.31 h, members so far: 236
2026-08-20T03:10:23+0000 HEARTBEAT segments 229250/360000 (this run: 229250, 2.96 seg/s) ETA 12.29 h, members so far: 236
2026-08-20T03:12:10+0000 HEARTBEAT segments 229500/360000 (this run: 229500, 2.95 seg/s) ETA 12.27 h, members so far: 236
2026-08-20T03:13:56+0000 HEARTBEAT segments 229750/360000 (this run: 229750, 2.95 seg/s) ETA 12.25 h, members so far: 236
2026-08-20T03:15:41+0000 HEARTBEAT segments 230000/360000 (this run: 230000, 2.95 seg/s) ETA 12.23 h, members so far: 236
2026-08-20T03:16:59+0000 MEMBER m=6754179605481 sigma=13508356055040 d=3155922 x=4280320 square=False (seg 230167, confirmed)
2026-08-20T03:17:27+0000 HEARTBEAT segments 230250/360000 (this run: 230250, 2.95 seg/s) ETA 12.21 h, members so far: 237
2026-08-20T03:19:12+0000 HEARTBEAT segments 230500/360000 (this run: 230500, 2.95 seg/s) ETA 12.19 h, members so far: 237
2026-08-20T03:21:01+0000 HEARTBEAT segments 230750/360000 (this run: 230750, 2.95 seg/s) ETA 12.17 h, members so far: 237
2026-08-20T03:22:47+0000 HEARTBEAT segments 231000/360000 (this run: 231000, 2.95 seg/s) ETA 12.15 h, members so far: 237
2026-08-20T03:24:31+0000 HEARTBEAT segments 231250/360000 (this run: 231250, 2.95 seg/s) ETA 12.13 h, members so far: 237
2026-08-20T03:26:19+0000 HEARTBEAT segments 231500/360000 (this run: 231500, 2.95 seg/s) ETA 12.11 h, members so far: 237
2026-08-20T03:26:54+0000 MEMBER m=6789983611125 sigma=13579933086720 d=34135530 x=397824 square=False (seg 231599, confirmed)
2026-08-20T03:28:05+0000 HEARTBEAT segments 231750/360000 (this run: 231750, 2.95 seg/s) ETA 12.09 h, members so far: 238
2026-08-20T03:29:51+0000 HEARTBEAT segments 232000/360000 (this run: 232000, 2.95 seg/s) ETA 12.07 h, members so far: 238
2026-08-20T03:31:39+0000 HEARTBEAT segments 232250/360000 (this run: 232250, 2.95 seg/s) ETA 12.05 h, members so far: 238
2026-08-20T03:33:24+0000 HEARTBEAT segments 232500/360000 (this run: 232500, 2.95 seg/s) ETA 12.02 h, members so far: 238
2026-08-20T03:35:10+0000 HEARTBEAT segments 232750/360000 (this run: 232750, 2.94 seg/s) ETA 12.00 h, members so far: 238
2026-08-20T03:36:59+0000 HEARTBEAT segments 233000/360000 (this run: 233000, 2.94 seg/s) ETA 11.98 h, members so far: 238
2026-08-20T03:38:45+0000 HEARTBEAT segments 233250/360000 (this run: 233250, 2.94 seg/s) ETA 11.96 h, members so far: 238
2026-08-20T03:40:14+0000 MEMBER m=6836915123577 sigma=13673829335040 d=912114 x=14991360 square=False (seg 233476, confirmed)
2026-08-20T03:40:33+0000 HEARTBEAT segments 233500/360000 (this run: 233500, 2.94 seg/s) ETA 11.94 h, members so far: 239
2026-08-20T03:42:19+0000 HEARTBEAT segments 233750/360000 (this run: 233750, 2.94 seg/s) ETA 11.92 h, members so far: 239
2026-08-20T03:42:33+0000 MEMBER m=6844921660269 sigma=13689840844800 d=2475738 x=5529600 square=False (seg 233796, confirmed)
2026-08-20T03:44:07+0000 HEARTBEAT segments 234000/360000 (this run: 234000, 2.94 seg/s) ETA 11.90 h, members so far: 240
2026-08-20T03:45:49+0000 MEMBER m=6855733096875 sigma=13711466160000 d=33750 x=406265664 square=False (seg 234229, confirmed)
2026-08-20T03:45:53+0000 HEARTBEAT segments 234250/360000 (this run: 234250, 2.94 seg/s) ETA 11.88 h, members so far: 241
2026-08-20T03:47:41+0000 HEARTBEAT segments 234500/360000 (this run: 234500, 2.94 seg/s) ETA 11.86 h, members so far: 241
2026-08-20T03:48:29+0000 MEMBER m=6864938001999 sigma=13729869619200 d=6384798 x=2150400 square=False (seg 234597, confirmed)
2026-08-20T03:49:29+0000 HEARTBEAT segments 234750/360000 (this run: 234750, 2.94 seg/s) ETA 11.84 h, members so far: 242
2026-08-20T03:51:16+0000 HEARTBEAT segments 235000/360000 (this run: 235000, 2.94 seg/s) ETA 11.82 h, members so far: 242
2026-08-20T03:53:03+0000 HEARTBEAT segments 235250/360000 (this run: 235250, 2.94 seg/s) ETA 11.80 h, members so far: 242
2026-08-20T03:54:49+0000 HEARTBEAT segments 235500/360000 (this run: 235500, 2.94 seg/s) ETA 11.78 h, members so far: 242
2026-08-20T03:56:38+0000 HEARTBEAT segments 235750/360000 (this run: 235750, 2.93 seg/s) ETA 11.76 h, members so far: 242
2026-08-20T03:58:24+0000 HEARTBEAT segments 236000/360000 (this run: 236000, 2.93 seg/s) ETA 11.74 h, members so far: 242
2026-08-20T04:00:11+0000 HEARTBEAT segments 236250/360000 (this run: 236250, 2.93 seg/s) ETA 11.72 h, members so far: 242
2026-08-20T04:02:01+0000 HEARTBEAT segments 236500/360000 (this run: 236500, 2.93 seg/s) ETA 11.70 h, members so far: 242
2026-08-20T04:03:49+0000 HEARTBEAT segments 236750/360000 (this run: 236750, 2.93 seg/s) ETA 11.68 h, members so far: 242
2026-08-20T04:05:37+0000 HEARTBEAT segments 237000/360000 (this run: 237000, 2.93 seg/s) ETA 11.66 h, members so far: 242
2026-08-20T04:07:25+0000 HEARTBEAT segments 237250/360000 (this run: 237250, 2.93 seg/s) ETA 11.64 h, members so far: 242
2026-08-20T04:09:11+0000 HEARTBEAT segments 237500/360000 (this run: 237500, 2.93 seg/s) ETA 11.62 h, members so far: 242
2026-08-20T04:11:01+0000 HEARTBEAT segments 237750/360000 (this run: 237750, 2.93 seg/s) ETA 11.60 h, members so far: 242
2026-08-20T04:12:48+0000 HEARTBEAT segments 238000/360000 (this run: 238000, 2.93 seg/s) ETA 11.58 h, members so far: 242
2026-08-20T04:14:34+0000 HEARTBEAT segments 238250/360000 (this run: 238250, 2.93 seg/s) ETA 11.56 h, members so far: 242
2026-08-20T04:16:31+0000 HEARTBEAT segments 238500/360000 (this run: 238500, 2.93 seg/s) ETA 11.54 h, members so far: 242
2026-08-20T04:18:18+0000 HEARTBEAT segments 238750/360000 (this run: 238750, 2.92 seg/s) ETA 11.52 h, members so far: 242
2026-08-20T04:20:06+0000 HEARTBEAT segments 239000/360000 (this run: 239000, 2.92 seg/s) ETA 11.50 h, members so far: 242
2026-08-20T04:21:54+0000 HEARTBEAT segments 239250/360000 (this run: 239250, 2.92 seg/s) ETA 11.47 h, members so far: 242
2026-08-20T04:23:42+0000 HEARTBEAT segments 239500/360000 (this run: 239500, 2.92 seg/s) ETA 11.45 h, members so far: 242
2026-08-20T04:25:29+0000 HEARTBEAT segments 239750/360000 (this run: 239750, 2.92 seg/s) ETA 11.43 h, members so far: 242
2026-08-20T04:27:16+0000 HEARTBEAT segments 240000/360000 (this run: 240000, 2.92 seg/s) ETA 11.41 h, members so far: 242
2026-08-20T04:29:02+0000 HEARTBEAT segments 240250/360000 (this run: 240250, 2.92 seg/s) ETA 11.39 h, members so far: 242
2026-08-20T04:30:50+0000 HEARTBEAT segments 240500/360000 (this run: 240500, 2.92 seg/s) ETA 11.37 h, members so far: 242
2026-08-20T04:32:39+0000 HEARTBEAT segments 240750/360000 (this run: 240750, 2.92 seg/s) ETA 11.35 h, members so far: 242
2026-08-20T04:34:27+0000 HEARTBEAT segments 241000/360000 (this run: 241000, 2.92 seg/s) ETA 11.33 h, members so far: 242
2026-08-20T04:36:15+0000 HEARTBEAT segments 241250/360000 (this run: 241250, 2.92 seg/s) ETA 11.31 h, members so far: 242
2026-08-20T04:38:04+0000 HEARTBEAT segments 241500/360000 (this run: 241500, 2.92 seg/s) ETA 11.29 h, members so far: 242
2026-08-20T04:39:51+0000 HEARTBEAT segments 241750/360000 (this run: 241750, 2.92 seg/s) ETA 11.27 h, members so far: 242
2026-08-20T04:41:42+0000 HEARTBEAT segments 242000/360000 (this run: 242000, 2.91 seg/s) ETA 11.25 h, members so far: 242
2026-08-20T04:43:29+0000 HEARTBEAT segments 242250/360000 (this run: 242250, 2.91 seg/s) ETA 11.23 h, members so far: 242
2026-08-20T04:45:17+0000 HEARTBEAT segments 242500/360000 (this run: 242500, 2.91 seg/s) ETA 11.21 h, members so far: 242
2026-08-20T04:47:06+0000 HEARTBEAT segments 242750/360000 (this run: 242750, 2.91 seg/s) ETA 11.18 h, members so far: 242
2026-08-20T04:48:53+0000 HEARTBEAT segments 243000/360000 (this run: 243000, 2.91 seg/s) ETA 11.16 h, members so far: 242
2026-08-20T04:50:41+0000 HEARTBEAT segments 243250/360000 (this run: 243250, 2.91 seg/s) ETA 11.14 h, members so far: 242
2026-08-20T04:52:32+0000 HEARTBEAT segments 243500/360000 (this run: 243500, 2.91 seg/s) ETA 11.12 h, members so far: 242
2026-08-20T04:53:51+0000 MEMBER m=7092312514665 sigma=14184625029120 d=210 x=67545833472 square=False (seg 243692, confirmed)
2026-08-20T04:54:18+0000 HEARTBEAT segments 243750/360000 (this run: 243750, 2.91 seg/s) ETA 11.10 h, members so far: 243
2026-08-20T04:56:09+0000 HEARTBEAT segments 244000/360000 (this run: 244000, 2.91 seg/s) ETA 11.08 h, members so far: 243
2026-08-20T04:57:57+0000 HEARTBEAT segments 244250/360000 (this run: 244250, 2.91 seg/s) ETA 11.06 h, members so far: 243
2026-08-20T04:59:46+0000 HEARTBEAT segments 244500/360000 (this run: 244500, 2.91 seg/s) ETA 11.04 h, members so far: 243
2026-08-20T05:01:34+0000 HEARTBEAT segments 244750/360000 (this run: 244750, 2.91 seg/s) ETA 11.02 h, members so far: 243
2026-08-20T05:03:24+0000 HEARTBEAT segments 245000/360000 (this run: 245000, 2.90 seg/s) ETA 11.00 h, members so far: 243
2026-08-20T05:04:37+0000 MEMBER m=7128945477927 sigma=14256487758240 d=1403197614 x=10160 square=False (seg 245157, confirmed)
2026-08-20T05:05:12+0000 HEARTBEAT segments 245250/360000 (this run: 245250, 2.90 seg/s) ETA 10.98 h, members so far: 244
2026-08-20T05:05:27+0000 MEMBER m=7132383758175 sigma=14264766996480 d=519870 x=27439104 square=False (seg 245295, confirmed)
2026-08-20T05:07:01+0000 HEARTBEAT segments 245500/360000 (this run: 245500, 2.90 seg/s) ETA 10.95 h, members so far: 245
2026-08-20T05:08:50+0000 HEARTBEAT segments 245750/360000 (this run: 245750, 2.90 seg/s) ETA 10.93 h, members so far: 245
2026-08-20T05:10:38+0000 HEARTBEAT segments 246000/360000 (this run: 246000, 2.90 seg/s) ETA 10.91 h, members so far: 245
2026-08-20T05:12:29+0000 HEARTBEAT segments 246250/360000 (this run: 246250, 2.90 seg/s) ETA 10.89 h, members so far: 245
2026-08-20T05:13:07+0000 MEMBER m=7158234831165 sigma=14316464448000 d=5214330 x=2745600 square=False (seg 246329, confirmed)
2026-08-20T05:14:15+0000 HEARTBEAT segments 246500/360000 (this run: 246500, 2.90 seg/s) ETA 10.87 h, members so far: 246
2026-08-20T05:14:52+0000 MEMBER m=7164538464447 sigma=14329066752000 d=10176894 x=1408000 square=False (seg 246581, confirmed)
2026-08-20T05:16:05+0000 HEARTBEAT segments 246750/360000 (this run: 246750, 2.90 seg/s) ETA 10.85 h, members so far: 247
2026-08-20T05:17:54+0000 HEARTBEAT segments 247000/360000 (this run: 247000, 2.90 seg/s) ETA 10.83 h, members so far: 247
2026-08-20T05:19:42+0000 HEARTBEAT segments 247250/360000 (this run: 247250, 2.90 seg/s) ETA 10.81 h, members so far: 247
2026-08-20T05:21:32+0000 HEARTBEAT segments 247500/360000 (this run: 247500, 2.90 seg/s) ETA 10.79 h, members so far: 247
2026-08-20T05:23:18+0000 HEARTBEAT segments 247750/360000 (this run: 247750, 2.90 seg/s) ETA 10.76 h, members so far: 247
2026-08-20T05:25:08+0000 HEARTBEAT segments 248000/360000 (this run: 248000, 2.90 seg/s) ETA 10.74 h, members so far: 247
2026-08-20T05:26:56+0000 HEARTBEAT segments 248250/360000 (this run: 248250, 2.89 seg/s) ETA 10.72 h, members so far: 247
2026-08-20T05:28:47+0000 HEARTBEAT segments 248500/360000 (this run: 248500, 2.89 seg/s) ETA 10.70 h, members so far: 247
2026-08-20T05:30:36+0000 HEARTBEAT segments 248750/360000 (this run: 248750, 2.89 seg/s) ETA 10.68 h, members so far: 247
2026-08-20T05:32:26+0000 HEARTBEAT segments 249000/360000 (this run: 249000, 2.89 seg/s) ETA 10.66 h, members so far: 247
2026-08-20T05:34:12+0000 HEARTBEAT segments 249250/360000 (this run: 249250, 2.89 seg/s) ETA 10.64 h, members so far: 247
2026-08-20T05:36:03+0000 HEARTBEAT segments 249500/360000 (this run: 249500, 2.89 seg/s) ETA 10.62 h, members so far: 247
2026-08-20T05:37:52+0000 HEARTBEAT segments 249750/360000 (this run: 249750, 2.89 seg/s) ETA 10.60 h, members so far: 247
2026-08-20T05:39:41+0000 HEARTBEAT segments 250000/360000 (this run: 250000, 2.89 seg/s) ETA 10.57 h, members so far: 247
2026-08-20T05:41:30+0000 HEARTBEAT segments 250250/360000 (this run: 250250, 2.89 seg/s) ETA 10.55 h, members so far: 247
2026-08-20T05:41:35+0000 MEMBER m=7256269535625 sigma=14512539000960 d=70290 x=206466624 square=False (seg 250250, confirmed)
2026-08-20T05:43:18+0000 HEARTBEAT segments 250500/360000 (this run: 250500, 2.89 seg/s) ETA 10.53 h, members so far: 248
2026-08-20T05:45:05+0000 HEARTBEAT segments 250750/360000 (this run: 250750, 2.89 seg/s) ETA 10.51 h, members so far: 248
2026-08-20T05:46:57+0000 HEARTBEAT segments 251000/360000 (this run: 251000, 2.89 seg/s) ETA 10.49 h, members so far: 248
2026-08-20T05:48:45+0000 HEARTBEAT segments 251250/360000 (this run: 251250, 2.89 seg/s) ETA 10.47 h, members so far: 248
2026-08-20T05:50:36+0000 HEARTBEAT segments 251500/360000 (this run: 251500, 2.89 seg/s) ETA 10.45 h, members so far: 248
2026-08-20T05:52:26+0000 HEARTBEAT segments 251750/360000 (this run: 251750, 2.88 seg/s) ETA 10.43 h, members so far: 248
2026-08-20T05:54:12+0000 HEARTBEAT segments 252000/360000 (this run: 252000, 2.88 seg/s) ETA 10.40 h, members so far: 248
2026-08-20T05:56:05+0000 HEARTBEAT segments 252250/360000 (this run: 252250, 2.88 seg/s) ETA 10.38 h, members so far: 248
2026-08-20T05:57:55+0000 HEARTBEAT segments 252500/360000 (this run: 252500, 2.88 seg/s) ETA 10.36 h, members so far: 248
2026-08-20T05:59:44+0000 HEARTBEAT segments 252750/360000 (this run: 252750, 2.88 seg/s) ETA 10.34 h, members so far: 248
2026-08-20T06:01:04+0000 MEMBER m=7322976469809 sigma=14645952921600 d=18018 x=812851200 square=False (seg 252919, confirmed)
2026-08-20T06:01:34+0000 HEARTBEAT segments 253000/360000 (this run: 253000, 2.88 seg/s) ETA 10.32 h, members so far: 249
2026-08-20T06:03:24+0000 HEARTBEAT segments 253250/360000 (this run: 253250, 2.88 seg/s) ETA 10.30 h, members so far: 249
2026-08-20T06:05:12+0000 HEARTBEAT segments 253500/360000 (this run: 253500, 2.88 seg/s) ETA 10.28 h, members so far: 249
2026-08-20T06:07:04+0000 HEARTBEAT segments 253750/360000 (this run: 253750, 2.88 seg/s) ETA 10.25 h, members so far: 249
2026-08-20T06:08:51+0000 HEARTBEAT segments 254000/360000 (this run: 254000, 2.88 seg/s) ETA 10.23 h, members so far: 249
2026-08-20T06:10:41+0000 HEARTBEAT segments 254250/360000 (this run: 254250, 2.88 seg/s) ETA 10.21 h, members so far: 249
2026-08-20T06:12:33+0000 HEARTBEAT segments 254500/360000 (this run: 254500, 2.88 seg/s) ETA 10.19 h, members so far: 249
2026-08-20T06:14:21+0000 HEARTBEAT segments 254750/360000 (this run: 254750, 2.88 seg/s) ETA 10.17 h, members so far: 249
2026-08-20T06:16:11+0000 HEARTBEAT segments 255000/360000 (this run: 255000, 2.87 seg/s) ETA 10.15 h, members so far: 249
2026-08-20T06:18:00+0000 HEARTBEAT segments 255250/360000 (this run: 255250, 2.87 seg/s) ETA 10.12 h, members so far: 249
2026-08-20T06:19:49+0000 HEARTBEAT segments 255500/360000 (this run: 255500, 2.87 seg/s) ETA 10.10 h, members so far: 249
2026-08-20T06:21:43+0000 HEARTBEAT segments 255750/360000 (this run: 255750, 2.87 seg/s) ETA 10.08 h, members so far: 249
2026-08-20T06:23:31+0000 HEARTBEAT segments 256000/360000 (this run: 256000, 2.87 seg/s) ETA 10.06 h, members so far: 249
2026-08-20T06:25:20+0000 HEARTBEAT segments 256250/360000 (this run: 256250, 2.87 seg/s) ETA 10.04 h, members so far: 249
2026-08-20T06:27:12+0000 HEARTBEAT segments 256500/360000 (this run: 256500, 2.87 seg/s) ETA 10.02 h, members so far: 249
2026-08-20T06:29:00+0000 HEARTBEAT segments 256750/360000 (this run: 256750, 2.87 seg/s) ETA 9.99 h, members so far: 249
2026-08-20T06:30:51+0000 HEARTBEAT segments 257000/360000 (this run: 257000, 2.87 seg/s) ETA 9.97 h, members so far: 249
2026-08-20T06:32:43+0000 HEARTBEAT segments 257250/360000 (this run: 257250, 2.87 seg/s) ETA 9.95 h, members so far: 249
2026-08-20T06:33:12+0000 MEMBER m=7432589324979 sigma=14865155235840 d=23414118 x=634880 square=False (seg 257303, confirmed)
2026-08-20T06:34:32+0000 HEARTBEAT segments 257500/360000 (this run: 257500, 2.87 seg/s) ETA 9.93 h, members so far: 250
2026-08-20T06:36:23+0000 HEARTBEAT segments 257750/360000 (this run: 257750, 2.87 seg/s) ETA 9.91 h, members so far: 250
2026-08-20T06:38:12+0000 HEARTBEAT segments 258000/360000 (this run: 258000, 2.87 seg/s) ETA 9.89 h, members so far: 250
2026-08-20T06:39:06+0000 MEMBER m=7453418448861 sigma=14906715586560 d=121311162 x=122880 square=False (seg 258136, confirmed)
2026-08-20T06:39:31+0000 MEMBER m=7454198513685 sigma=14908397027328 d=42 x=354961833984 square=False (seg 258167, confirmed)
2026-08-20T06:40:03+0000 HEARTBEAT segments 258250/360000 (this run: 258250, 2.87 seg/s) ETA 9.87 h, members so far: 252
2026-08-20T06:41:55+0000 HEARTBEAT segments 258500/360000 (this run: 258500, 2.86 seg/s) ETA 9.84 h, members so far: 252
2026-08-20T06:43:45+0000 HEARTBEAT segments 258750/360000 (this run: 258750, 2.86 seg/s) ETA 9.82 h, members so far: 252
2026-08-20T06:45:34+0000 HEARTBEAT segments 259000/360000 (this run: 259000, 2.86 seg/s) ETA 9.80 h, members so far: 252
2026-08-20T06:47:11+0000 MEMBER m=7480772803125 sigma=14961542400000 d=3206250 x=4666368 square=False (seg 259230, confirmed)
2026-08-20T06:47:25+0000 HEARTBEAT segments 259250/360000 (this run: 259250, 2.86 seg/s) ETA 9.78 h, members so far: 253
2026-08-20T06:48:14+0000 MEMBER m=7483861047663 sigma=14967710005248 d=12090078 x=1238016 square=False (seg 259354, confirmed)
2026-08-20T06:49:12+0000 HEARTBEAT segments 259500/360000 (this run: 259500, 2.86 seg/s) ETA 9.76 h, members so far: 254
2026-08-20T06:51:04+0000 HEARTBEAT segments 259750/360000 (this run: 259750, 2.86 seg/s) ETA 9.73 h, members so far: 254
2026-08-20T06:52:58+0000 HEARTBEAT segments 260000/360000 (this run: 260000, 2.86 seg/s) ETA 9.71 h, members so far: 254
2026-08-20T06:54:46+0000 HEARTBEAT segments 260250/360000 (this run: 260250, 2.86 seg/s) ETA 9.69 h, members so far: 254
2026-08-20T06:56:37+0000 HEARTBEAT segments 260500/360000 (this run: 260500, 2.86 seg/s) ETA 9.67 h, members so far: 254
2026-08-20T06:58:27+0000 HEARTBEAT segments 260750/360000 (this run: 260750, 2.86 seg/s) ETA 9.65 h, members so far: 254
2026-08-20T07:00:17+0000 HEARTBEAT segments 261000/360000 (this run: 261000, 2.86 seg/s) ETA 9.63 h, members so far: 254
2026-08-20T07:02:11+0000 HEARTBEAT segments 261250/360000 (this run: 261250, 2.86 seg/s) ETA 9.60 h, members so far: 254
2026-08-20T07:04:01+0000 HEARTBEAT segments 261500/360000 (this run: 261500, 2.86 seg/s) ETA 9.58 h, members so far: 254
2026-08-20T07:05:51+0000 HEARTBEAT segments 261750/360000 (this run: 261750, 2.85 seg/s) ETA 9.56 h, members so far: 254
2026-08-20T07:07:45+0000 HEARTBEAT segments 262000/360000 (this run: 262000, 2.85 seg/s) ETA 9.54 h, members so far: 254
2026-08-20T07:09:36+0000 HEARTBEAT segments 262250/360000 (this run: 262250, 2.85 seg/s) ETA 9.52 h, members so far: 254
2026-08-20T07:11:29+0000 HEARTBEAT segments 262500/360000 (this run: 262500, 2.85 seg/s) ETA 9.49 h, members so far: 254
2026-08-20T07:13:19+0000 HEARTBEAT segments 262750/360000 (this run: 262750, 2.85 seg/s) ETA 9.47 h, members so far: 254
2026-08-20T07:15:08+0000 HEARTBEAT segments 263000/360000 (this run: 263000, 2.85 seg/s) ETA 9.45 h, members so far: 254
2026-08-20T07:17:02+0000 HEARTBEAT segments 263250/360000 (this run: 263250, 2.85 seg/s) ETA 9.43 h, members so far: 254
2026-08-20T07:18:51+0000 HEARTBEAT segments 263500/360000 (this run: 263500, 2.85 seg/s) ETA 9.41 h, members so far: 254
2026-08-20T07:20:43+0000 HEARTBEAT segments 263750/360000 (this run: 263750, 2.85 seg/s) ETA 9.38 h, members so far: 254
2026-08-20T07:22:36+0000 HEARTBEAT segments 264000/360000 (this run: 264000, 2.85 seg/s) ETA 9.36 h, members so far: 254
2026-08-20T07:24:24+0000 HEARTBEAT segments 264250/360000 (this run: 264250, 2.85 seg/s) ETA 9.34 h, members so far: 254
2026-08-20T07:26:20+0000 HEARTBEAT segments 264500/360000 (this run: 264500, 2.85 seg/s) ETA 9.32 h, members so far: 254
2026-08-20T07:28:12+0000 HEARTBEAT segments 264750/360000 (this run: 264750, 2.85 seg/s) ETA 9.30 h, members so far: 254
2026-08-20T07:30:02+0000 HEARTBEAT segments 265000/360000 (this run: 265000, 2.85 seg/s) ETA 9.27 h, members so far: 254
2026-08-20T07:31:54+0000 HEARTBEAT segments 265250/360000 (this run: 265250, 2.84 seg/s) ETA 9.25 h, members so far: 254
2026-08-20T07:33:45+0000 HEARTBEAT segments 265500/360000 (this run: 265500, 2.84 seg/s) ETA 9.23 h, members so far: 254
2026-08-20T07:35:36+0000 HEARTBEAT segments 265750/360000 (this run: 265750, 2.84 seg/s) ETA 9.21 h, members so far: 254
2026-08-20T07:37:29+0000 HEARTBEAT segments 266000/360000 (this run: 266000, 2.84 seg/s) ETA 9.19 h, members so far: 254
2026-08-20T07:39:20+0000 HEARTBEAT segments 266250/360000 (this run: 266250, 2.84 seg/s) ETA 9.16 h, members so far: 254
2026-08-20T07:41:13+0000 HEARTBEAT segments 266500/360000 (this run: 266500, 2.84 seg/s) ETA 9.14 h, members so far: 254
2026-08-20T07:43:03+0000 HEARTBEAT segments 266750/360000 (this run: 266750, 2.84 seg/s) ETA 9.12 h, members so far: 254
2026-08-20T07:44:55+0000 HEARTBEAT segments 267000/360000 (this run: 267000, 2.84 seg/s) ETA 9.10 h, members so far: 254
2026-08-20T07:46:48+0000 HEARTBEAT segments 267250/360000 (this run: 267250, 2.84 seg/s) ETA 9.08 h, members so far: 254
2026-08-20T07:48:38+0000 HEARTBEAT segments 267500/360000 (this run: 267500, 2.84 seg/s) ETA 9.05 h, members so far: 254
2026-08-20T07:50:30+0000 HEARTBEAT segments 267750/360000 (this run: 267750, 2.84 seg/s) ETA 9.03 h, members so far: 254
2026-08-20T07:52:25+0000 HEARTBEAT segments 268000/360000 (this run: 268000, 2.84 seg/s) ETA 9.01 h, members so far: 254
2026-08-20T07:54:13+0000 HEARTBEAT segments 268250/360000 (this run: 268250, 2.84 seg/s) ETA 8.99 h, members so far: 254
2026-08-20T07:55:20+0000 MEMBER m=7709938768125 sigma=15419864363904 d=13172346 x=1170624 square=False (seg 268397, confirmed)
2026-08-20T07:56:06+0000 HEARTBEAT segments 268500/360000 (this run: 268500, 2.84 seg/s) ETA 8.96 h, members so far: 255
2026-08-20T07:57:57+0000 HEARTBEAT segments 268750/360000 (this run: 268750, 2.83 seg/s) ETA 8.94 h, members so far: 255
2026-08-20T07:58:13+0000 MEMBER m=7720024186413 sigma=15440048160768 d=212058 x=72810496 square=False (seg 268800, confirmed)
2026-08-20T07:59:47+0000 HEARTBEAT segments 269000/360000 (this run: 269000, 2.83 seg/s) ETA 8.92 h, members so far: 256
2026-08-20T08:01:43+0000 HEARTBEAT segments 269250/360000 (this run: 269250, 2.83 seg/s) ETA 8.90 h, members so far: 256
2026-08-20T08:03:35+0000 HEARTBEAT segments 269500/360000 (this run: 269500, 2.83 seg/s) ETA 8.88 h, members so far: 256
2026-08-20T08:05:27+0000 HEARTBEAT segments 269750/360000 (this run: 269750, 2.83 seg/s) ETA 8.85 h, members so far: 256
2026-08-20T08:07:18+0000 HEARTBEAT segments 270000/360000 (this run: 270000, 2.83 seg/s) ETA 8.83 h, members so far: 256
2026-08-20T08:09:11+0000 HEARTBEAT segments 270250/360000 (this run: 270250, 2.83 seg/s) ETA 8.81 h, members so far: 256
2026-08-20T08:11:02+0000 HEARTBEAT segments 270500/360000 (this run: 270500, 2.83 seg/s) ETA 8.79 h, members so far: 256
2026-08-20T08:12:55+0000 HEARTBEAT segments 270750/360000 (this run: 270750, 2.83 seg/s) ETA 8.76 h, members so far: 256
2026-08-20T08:14:47+0000 HEARTBEAT segments 271000/360000 (this run: 271000, 2.83 seg/s) ETA 8.74 h, members so far: 256
2026-08-20T08:16:39+0000 HEARTBEAT segments 271250/360000 (this run: 271250, 2.83 seg/s) ETA 8.72 h, members so far: 256
2026-08-20T08:18:32+0000 HEARTBEAT segments 271500/360000 (this run: 271500, 2.83 seg/s) ETA 8.70 h, members so far: 256
2026-08-20T08:19:50+0000 MEMBER m=7792207956351 sigma=15584336022528 d=79890174 x=195072 square=False (seg 271688, confirmed)
2026-08-20T08:20:25+0000 HEARTBEAT segments 271750/360000 (this run: 271750, 2.83 seg/s) ETA 8.67 h, members so far: 257
2026-08-20T08:22:18+0000 HEARTBEAT segments 272000/360000 (this run: 272000, 2.83 seg/s) ETA 8.65 h, members so far: 257
2026-08-20T08:23:18+0000 MEMBER m=7803651867669 sigma=15607301875200 d=1860138 x=8390400 square=False (seg 272146, confirmed)
2026-08-20T08:24:09+0000 HEARTBEAT segments 272250/360000 (this run: 272250, 2.82 seg/s) ETA 8.63 h, members so far: 258
2026-08-20T08:26:02+0000 HEARTBEAT segments 272500/360000 (this run: 272500, 2.82 seg/s) ETA 8.61 h, members so far: 258
2026-08-20T08:27:55+0000 HEARTBEAT segments 272750/360000 (this run: 272750, 2.82 seg/s) ETA 8.58 h, members so far: 258
2026-08-20T08:29:44+0000 HEARTBEAT segments 273000/360000 (this run: 273000, 2.82 seg/s) ETA 8.56 h, members so far: 258
2026-08-20T08:31:39+0000 HEARTBEAT segments 273250/360000 (this run: 273250, 2.82 seg/s) ETA 8.54 h, members so far: 258
2026-08-20T08:33:31+0000 HEARTBEAT segments 273500/360000 (this run: 273500, 2.82 seg/s) ETA 8.52 h, members so far: 258
2026-08-20T08:34:39+0000 MEMBER m=7840953080235 sigma=15681906160128 d=342 x=45853526784 square=False (seg 273638, confirmed)
2026-08-20T08:35:24+0000 HEARTBEAT segments 273750/360000 (this run: 273750, 2.82 seg/s) ETA 8.49 h, members so far: 259
2026-08-20T08:37:18+0000 HEARTBEAT segments 274000/360000 (this run: 274000, 2.82 seg/s) ETA 8.47 h, members so far: 259
2026-08-20T08:38:52+0000 MEMBER m=7854967033875 sigma=15709910501376 d=23566374 x=666624 square=False (seg 274198, confirmed)
2026-08-20T08:39:09+0000 HEARTBEAT segments 274250/360000 (this run: 274250, 2.82 seg/s) ETA 8.45 h, members so far: 260
2026-08-20T08:41:03+0000 HEARTBEAT segments 274500/360000 (this run: 274500, 2.82 seg/s) ETA 8.43 h, members so far: 260
2026-08-20T08:42:38+0000 MEMBER m=7867439622735 sigma=15734878967808 d=277662 x=56669184 square=False (seg 274697, confirmed)
2026-08-20T08:42:55+0000 HEARTBEAT segments 274750/360000 (this run: 274750, 2.82 seg/s) ETA 8.40 h, members so far: 261
2026-08-20T08:44:47+0000 HEARTBEAT segments 275000/360000 (this run: 275000, 2.82 seg/s) ETA 8.38 h, members so far: 261
2026-08-20T08:46:41+0000 HEARTBEAT segments 275250/360000 (this run: 275250, 2.82 seg/s) ETA 8.36 h, members so far: 261
2026-08-20T08:48:33+0000 HEARTBEAT segments 275500/360000 (this run: 275500, 2.82 seg/s) ETA 8.34 h, members so far: 261
2026-08-20T08:50:26+0000 HEARTBEAT segments 275750/360000 (this run: 275750, 2.81 seg/s) ETA 8.31 h, members so far: 261
2026-08-20T08:52:21+0000 HEARTBEAT segments 276000/360000 (this run: 276000, 2.81 seg/s) ETA 8.29 h, members so far: 261
2026-08-20T08:54:12+0000 HEARTBEAT segments 276250/360000 (this run: 276250, 2.81 seg/s) ETA 8.27 h, members so far: 261
2026-08-20T08:56:06+0000 HEARTBEAT segments 276500/360000 (this run: 276500, 2.81 seg/s) ETA 8.25 h, members so far: 261
2026-08-20T08:58:01+0000 HEARTBEAT segments 276750/360000 (this run: 276750, 2.81 seg/s) ETA 8.22 h, members so far: 261
2026-08-20T08:59:54+0000 HEARTBEAT segments 277000/360000 (this run: 277000, 2.81 seg/s) ETA 8.20 h, members so far: 261
2026-08-20T09:01:17+0000 MEMBER m=7929261865395 sigma=15858523699200 d=31590 x=502010880 square=False (seg 277170, confirmed)
2026-08-20T09:01:48+0000 HEARTBEAT segments 277250/360000 (this run: 277250, 2.81 seg/s) ETA 8.18 h, members so far: 262
2026-08-20T09:03:42+0000 HEARTBEAT segments 277500/360000 (this run: 277500, 2.81 seg/s) ETA 8.16 h, members so far: 262
2026-08-20T09:05:35+0000 HEARTBEAT segments 277750/360000 (this run: 277750, 2.81 seg/s) ETA 8.13 h, members so far: 262
2026-08-20T09:07:29+0000 HEARTBEAT segments 278000/360000 (this run: 278000, 2.81 seg/s) ETA 8.11 h, members so far: 262
2026-08-20T09:09:19+0000 HEARTBEAT segments 278250/360000 (this run: 278250, 2.81 seg/s) ETA 8.09 h, members so far: 262
2026-08-20T09:11:13+0000 HEARTBEAT segments 278500/360000 (this run: 278500, 2.81 seg/s) ETA 8.06 h, members so far: 262
2026-08-20T09:13:06+0000 HEARTBEAT segments 278750/360000 (this run: 278750, 2.81 seg/s) ETA 8.04 h, members so far: 262
2026-08-20T09:15:00+0000 HEARTBEAT segments 279000/360000 (this run: 279000, 2.81 seg/s) ETA 8.02 h, members so far: 262
2026-08-20T09:16:53+0000 HEARTBEAT segments 279250/360000 (this run: 279250, 2.81 seg/s) ETA 8.00 h, members so far: 262
2026-08-20T09:18:43+0000 HEARTBEAT segments 279500/360000 (this run: 279500, 2.80 seg/s) ETA 7.97 h, members so far: 262
2026-08-20T09:20:39+0000 HEARTBEAT segments 279750/360000 (this run: 279750, 2.80 seg/s) ETA 7.95 h, members so far: 262
2026-08-20T09:22:32+0000 HEARTBEAT segments 280000/360000 (this run: 280000, 2.80 seg/s) ETA 7.93 h, members so far: 262
2026-08-20T09:24:24+0000 HEARTBEAT segments 280250/360000 (this run: 280250, 2.80 seg/s) ETA 7.90 h, members so far: 262
2026-08-20T09:26:16+0000 HEARTBEAT segments 280500/360000 (this run: 280500, 2.80 seg/s) ETA 7.88 h, members so far: 262
2026-08-20T09:28:08+0000 HEARTBEAT segments 280750/360000 (this run: 280750, 2.80 seg/s) ETA 7.86 h, members so far: 262
2026-08-20T09:30:01+0000 HEARTBEAT segments 281000/360000 (this run: 281000, 2.80 seg/s) ETA 7.84 h, members so far: 262
2026-08-20T09:31:58+0000 HEARTBEAT segments 281250/360000 (this run: 281250, 2.80 seg/s) ETA 7.81 h, members so far: 262
2026-08-20T09:33:51+0000 HEARTBEAT segments 281500/360000 (this run: 281500, 2.80 seg/s) ETA 7.79 h, members so far: 262
2026-08-20T09:35:44+0000 HEARTBEAT segments 281750/360000 (this run: 281750, 2.80 seg/s) ETA 7.77 h, members so far: 262
2026-08-20T09:37:38+0000 HEARTBEAT segments 282000/360000 (this run: 282000, 2.80 seg/s) ETA 7.74 h, members so far: 262
2026-08-20T09:39:31+0000 HEARTBEAT segments 282250/360000 (this run: 282250, 2.80 seg/s) ETA 7.72 h, members so far: 262
2026-08-20T09:41:24+0000 HEARTBEAT segments 282500/360000 (this run: 282500, 2.80 seg/s) ETA 7.70 h, members so far: 262
2026-08-20T09:43:19+0000 HEARTBEAT segments 282750/360000 (this run: 282750, 2.80 seg/s) ETA 7.68 h, members so far: 262
2026-08-20T09:45:12+0000 HEARTBEAT segments 283000/360000 (this run: 283000, 2.80 seg/s) ETA 7.65 h, members so far: 262
2026-08-20T09:47:06+0000 HEARTBEAT segments 283250/360000 (this run: 283250, 2.79 seg/s) ETA 7.63 h, members so far: 262
2026-08-20T09:48:59+0000 HEARTBEAT segments 283500/360000 (this run: 283500, 2.79 seg/s) ETA 7.61 h, members so far: 262
2026-08-20T09:50:53+0000 HEARTBEAT segments 283750/360000 (this run: 283750, 2.79 seg/s) ETA 7.58 h, members so far: 262
2026-08-20T09:52:50+0000 HEARTBEAT segments 284000/360000 (this run: 284000, 2.79 seg/s) ETA 7.56 h, members so far: 262
2026-08-20T09:54:41+0000 HEARTBEAT segments 284250/360000 (this run: 284250, 2.79 seg/s) ETA 7.54 h, members so far: 262
2026-08-20T09:56:37+0000 HEARTBEAT segments 284500/360000 (this run: 284500, 2.79 seg/s) ETA 7.51 h, members so far: 262
2026-08-20T09:58:32+0000 HEARTBEAT segments 284750/360000 (this run: 284750, 2.79 seg/s) ETA 7.49 h, members so far: 262
2026-08-20T10:00:29+0000 HEARTBEAT segments 285000/360000 (this run: 285000, 2.79 seg/s) ETA 7.47 h, members so far: 262
2026-08-20T10:02:23+0000 HEARTBEAT segments 285250/360000 (this run: 285250, 2.79 seg/s) ETA 7.45 h, members so far: 262
2026-08-20T10:04:16+0000 HEARTBEAT segments 285500/360000 (this run: 285500, 2.79 seg/s) ETA 7.42 h, members so far: 262
2026-08-20T10:06:12+0000 HEARTBEAT segments 285750/360000 (this run: 285750, 2.79 seg/s) ETA 7.40 h, members so far: 262
2026-08-20T10:08:06+0000 HEARTBEAT segments 286000/360000 (this run: 286000, 2.79 seg/s) ETA 7.38 h, members so far: 262
2026-08-20T10:09:59+0000 HEARTBEAT segments 286250/360000 (this run: 286250, 2.79 seg/s) ETA 7.35 h, members so far: 262
2026-08-20T10:11:56+0000 HEARTBEAT segments 286500/360000 (this run: 286500, 2.79 seg/s) ETA 7.33 h, members so far: 262
2026-08-20T10:13:50+0000 HEARTBEAT segments 286750/360000 (this run: 286750, 2.78 seg/s) ETA 7.31 h, members so far: 262
2026-08-20T10:15:43+0000 HEARTBEAT segments 287000/360000 (this run: 287000, 2.78 seg/s) ETA 7.28 h, members so far: 262
2026-08-20T10:17:01+0000 MEMBER m=8178903341505 sigma=16357796320320 d=10362690 x=1578528 square=False (seg 287156, confirmed)
2026-08-20T10:17:37+0000 HEARTBEAT segments 287250/360000 (this run: 287250, 2.78 seg/s) ETA 7.26 h, members so far: 263
2026-08-20T10:17:50+0000 MEMBER m=8182178186553 sigma=16364355920640 d=452466 x=36167040 square=False (seg 287287, confirmed)
2026-08-20T10:19:31+0000 HEARTBEAT segments 287500/360000 (this run: 287500, 2.78 seg/s) ETA 7.24 h, members so far: 264
2026-08-20T10:21:25+0000 HEARTBEAT segments 287750/360000 (this run: 287750, 2.78 seg/s) ETA 7.21 h, members so far: 264
2026-08-20T10:23:22+0000 HEARTBEAT segments 288000/360000 (this run: 288000, 2.78 seg/s) ETA 7.19 h, members so far: 264
2026-08-20T10:25:14+0000 HEARTBEAT segments 288250/360000 (this run: 288250, 2.78 seg/s) ETA 7.17 h, members so far: 264
2026-08-20T10:27:10+0000 HEARTBEAT segments 288500/360000 (this run: 288500, 2.78 seg/s) ETA 7.14 h, members so far: 264
2026-08-20T10:27:36+0000 MEMBER m=8213581261875 sigma=16427157626880 d=4896870 x=3354624 square=False (seg 288543, confirmed)
2026-08-20T10:29:05+0000 HEARTBEAT segments 288750/360000 (this run: 288750, 2.78 seg/s) ETA 7.12 h, members so far: 265
2026-08-20T10:30:59+0000 HEARTBEAT segments 289000/360000 (this run: 289000, 2.78 seg/s) ETA 7.10 h, members so far: 265
2026-08-20T10:32:54+0000 HEARTBEAT segments 289250/360000 (this run: 289250, 2.78 seg/s) ETA 7.07 h, members so far: 265
2026-08-20T10:34:46+0000 HEARTBEAT segments 289500/360000 (this run: 289500, 2.78 seg/s) ETA 7.05 h, members so far: 265
2026-08-20T10:36:42+0000 HEARTBEAT segments 289750/360000 (this run: 289750, 2.78 seg/s) ETA 7.03 h, members so far: 265
2026-08-20T10:38:37+0000 HEARTBEAT segments 290000/360000 (this run: 290000, 2.78 seg/s) ETA 7.00 h, members so far: 265
2026-08-20T10:38:57+0000 MEMBER m=8250821307729 sigma=16501642573416 d=42042 x=392503748 square=False (seg 290032, confirmed)
2026-08-20T10:40:32+0000 HEARTBEAT segments 290250/360000 (this run: 290250, 2.78 seg/s) ETA 6.98 h, members so far: 266
2026-08-20T10:42:27+0000 HEARTBEAT segments 290500/360000 (this run: 290500, 2.78 seg/s) ETA 6.96 h, members so far: 266
2026-08-20T10:43:25+0000 MEMBER m=8265501478845 sigma=16531002948096 d=9594 x=1723056384 square=False (seg 290620, confirmed)
2026-08-20T10:44:20+0000 HEARTBEAT segments 290750/360000 (this run: 290750, 2.77 seg/s) ETA 6.93 h, members so far: 267
2026-08-20T10:46:17+0000 HEARTBEAT segments 291000/360000 (this run: 291000, 2.77 seg/s) ETA 6.91 h, members so far: 267
2026-08-20T10:48:10+0000 HEARTBEAT segments 291250/360000 (this run: 291250, 2.77 seg/s) ETA 6.89 h, members so far: 267
2026-08-20T10:50:05+0000 HEARTBEAT segments 291500/360000 (this run: 291500, 2.77 seg/s) ETA 6.86 h, members so far: 267
2026-08-20T10:52:01+0000 HEARTBEAT segments 291750/360000 (this run: 291750, 2.77 seg/s) ETA 6.84 h, members so far: 267
2026-08-20T10:53:55+0000 HEARTBEAT segments 292000/360000 (this run: 292000, 2.77 seg/s) ETA 6.82 h, members so far: 267
2026-08-20T10:55:50+0000 HEARTBEAT segments 292250/360000 (this run: 292250, 2.77 seg/s) ETA 6.79 h, members so far: 267
2026-08-20T10:57:46+0000 HEARTBEAT segments 292500/360000 (this run: 292500, 2.77 seg/s) ETA 6.77 h, members so far: 267
2026-08-20T10:59:42+0000 HEARTBEAT segments 292750/360000 (this run: 292750, 2.77 seg/s) ETA 6.75 h, members so far: 267
2026-08-20T11:01:39+0000 HEARTBEAT segments 293000/360000 (this run: 293000, 2.77 seg/s) ETA 6.72 h, members so far: 267
2026-08-20T11:03:36+0000 HEARTBEAT segments 293250/360000 (this run: 293250, 2.77 seg/s) ETA 6.70 h, members so far: 267
2026-08-20T11:05:29+0000 HEARTBEAT segments 293500/360000 (this run: 293500, 2.77 seg/s) ETA 6.68 h, members so far: 267
2026-08-20T11:07:24+0000 HEARTBEAT segments 293750/360000 (this run: 293750, 2.77 seg/s) ETA 6.65 h, members so far: 267
2026-08-20T11:09:21+0000 HEARTBEAT segments 294000/360000 (this run: 294000, 2.77 seg/s) ETA 6.63 h, members so far: 267
2026-08-20T11:11:18+0000 HEARTBEAT segments 294250/360000 (this run: 294250, 2.77 seg/s) ETA 6.60 h, members so far: 267
2026-08-20T11:12:49+0000 MEMBER m=8360942999175 sigma=16721885980800 d=17550 x=952814016 square=False (seg 294437, confirmed)
2026-08-20T11:13:13+0000 HEARTBEAT segments 294500/360000 (this run: 294500, 2.76 seg/s) ETA 6.58 h, members so far: 268
2026-08-20T11:15:09+0000 HEARTBEAT segments 294750/360000 (this run: 294750, 2.76 seg/s) ETA 6.56 h, members so far: 268
2026-08-20T11:17:07+0000 HEARTBEAT segments 295000/360000 (this run: 295000, 2.76 seg/s) ETA 6.53 h, members so far: 268
2026-08-20T11:19:05+0000 HEARTBEAT segments 295250/360000 (this run: 295250, 2.76 seg/s) ETA 6.51 h, members so far: 268
2026-08-20T11:20:59+0000 HEARTBEAT segments 295500/360000 (this run: 295500, 2.76 seg/s) ETA 6.49 h, members so far: 268
2026-08-20T11:22:55+0000 HEARTBEAT segments 295750/360000 (this run: 295750, 2.76 seg/s) ETA 6.46 h, members so far: 268
2026-08-20T11:24:49+0000 HEARTBEAT segments 296000/360000 (this run: 296000, 2.76 seg/s) ETA 6.44 h, members so far: 268
2026-08-20T11:26:49+0000 HEARTBEAT segments 296250/360000 (this run: 296250, 2.76 seg/s) ETA 6.42 h, members so far: 268
2026-08-20T11:28:45+0000 HEARTBEAT segments 296500/360000 (this run: 296500, 2.76 seg/s) ETA 6.39 h, members so far: 268
2026-08-20T11:30:40+0000 HEARTBEAT segments 296750/360000 (this run: 296750, 2.76 seg/s) ETA 6.37 h, members so far: 268
2026-08-20T11:32:36+0000 HEARTBEAT segments 297000/360000 (this run: 297000, 2.76 seg/s) ETA 6.35 h, members so far: 268
2026-08-20T11:34:32+0000 HEARTBEAT segments 297250/360000 (this run: 297250, 2.76 seg/s) ETA 6.32 h, members so far: 268
2026-08-20T11:36:30+0000 HEARTBEAT segments 297500/360000 (this run: 297500, 2.76 seg/s) ETA 6.30 h, members so far: 268
2026-08-20T11:38:25+0000 HEARTBEAT segments 297750/360000 (this run: 297750, 2.76 seg/s) ETA 6.27 h, members so far: 268
2026-08-20T11:39:21+0000 MEMBER m=8446594919301 sigma=16893161984160 d=27854442 x=606480 square=False (seg 297863, confirmed)
2026-08-20T11:40:19+0000 HEARTBEAT segments 298000/360000 (this run: 298000, 2.76 seg/s) ETA 6.25 h, members so far: 269
2026-08-20T11:42:14+0000 HEARTBEAT segments 298250/360000 (this run: 298250, 2.75 seg/s) ETA 6.23 h, members so far: 269
2026-08-20T11:44:09+0000 HEARTBEAT segments 298500/360000 (this run: 298500, 2.75 seg/s) ETA 6.20 h, members so far: 269
2026-08-20T11:46:05+0000 HEARTBEAT segments 298750/360000 (this run: 298750, 2.75 seg/s) ETA 6.18 h, members so far: 269
2026-08-20T11:48:02+0000 HEARTBEAT segments 299000/360000 (this run: 299000, 2.75 seg/s) ETA 6.16 h, members so far: 269
2026-08-20T11:49:59+0000 HEARTBEAT segments 299250/360000 (this run: 299250, 2.75 seg/s) ETA 6.13 h, members so far: 269
2026-08-20T11:51:55+0000 HEARTBEAT segments 299500/360000 (this run: 299500, 2.75 seg/s) ETA 6.11 h, members so far: 269
2026-08-20T11:52:21+0000 MEMBER m=8489150225985 sigma=16978300416000 d=35970 x=472012800 square=False (seg 299566, confirmed)
2026-08-20T11:53:49+0000 HEARTBEAT segments 299750/360000 (this run: 299750, 2.75 seg/s) ETA 6.08 h, members so far: 270
2026-08-20T11:55:47+0000 HEARTBEAT segments 300000/360000 (this run: 300000, 2.75 seg/s) ETA 6.06 h, members so far: 270
2026-08-20T11:57:47+0000 HEARTBEAT segments 300250/360000 (this run: 300250, 2.75 seg/s) ETA 6.04 h, members so far: 270
2026-08-20T11:59:43+0000 HEARTBEAT segments 300500/360000 (this run: 300500, 2.75 seg/s) ETA 6.01 h, members so far: 270
2026-08-20T12:01:40+0000 HEARTBEAT segments 300750/360000 (this run: 300750, 2.75 seg/s) ETA 5.99 h, members so far: 270
2026-08-20T12:03:34+0000 HEARTBEAT segments 301000/360000 (this run: 301000, 2.75 seg/s) ETA 5.96 h, members so far: 270
2026-08-20T12:05:29+0000 HEARTBEAT segments 301250/360000 (this run: 301250, 2.75 seg/s) ETA 5.94 h, members so far: 270
2026-08-20T12:07:27+0000 HEARTBEAT segments 301500/360000 (this run: 301500, 2.75 seg/s) ETA 5.92 h, members so far: 270
2026-08-20T12:09:21+0000 HEARTBEAT segments 301750/360000 (this run: 301750, 2.75 seg/s) ETA 5.89 h, members so far: 270
2026-08-20T12:11:20+0000 HEARTBEAT segments 302000/360000 (this run: 302000, 2.75 seg/s) ETA 5.87 h, members so far: 270
2026-08-20T12:13:16+0000 HEARTBEAT segments 302250/360000 (this run: 302250, 2.74 seg/s) ETA 5.85 h, members so far: 270
2026-08-20T12:14:05+0000 MEMBER m=8558555056821 sigma=17117110112256 d=1386 x=12350007296 square=False (seg 302342, confirmed)
2026-08-20T12:15:10+0000 HEARTBEAT segments 302500/360000 (this run: 302500, 2.74 seg/s) ETA 5.82 h, members so far: 271
2026-08-20T12:17:09+0000 HEARTBEAT segments 302750/360000 (this run: 302750, 2.74 seg/s) ETA 5.80 h, members so far: 271
2026-08-20T12:19:06+0000 HEARTBEAT segments 303000/360000 (this run: 303000, 2.74 seg/s) ETA 5.77 h, members so far: 271
2026-08-20T12:21:02+0000 HEARTBEAT segments 303250/360000 (this run: 303250, 2.74 seg/s) ETA 5.75 h, members so far: 271
2026-08-20T12:22:59+0000 HEARTBEAT segments 303500/360000 (this run: 303500, 2.74 seg/s) ETA 5.73 h, members so far: 271
2026-08-20T12:24:55+0000 HEARTBEAT segments 303750/360000 (this run: 303750, 2.74 seg/s) ETA 5.70 h, members so far: 271
2026-08-20T12:26:54+0000 HEARTBEAT segments 304000/360000 (this run: 304000, 2.74 seg/s) ETA 5.68 h, members so far: 271
2026-08-20T12:28:48+0000 HEARTBEAT segments 304250/360000 (this run: 304250, 2.74 seg/s) ETA 5.65 h, members so far: 271
2026-08-20T12:30:44+0000 HEARTBEAT segments 304500/360000 (this run: 304500, 2.74 seg/s) ETA 5.63 h, members so far: 271
2026-08-20T12:32:34+0000 MEMBER m=8618010189255 sigma=17236020326400 d=52110 x=330762240 square=False (seg 304720, confirmed)
2026-08-20T12:32:39+0000 HEARTBEAT segments 304750/360000 (this run: 304750, 2.74 seg/s) ETA 5.60 h, members so far: 272
2026-08-20T12:34:36+0000 HEARTBEAT segments 305000/360000 (this run: 305000, 2.74 seg/s) ETA 5.58 h, members so far: 272
2026-08-20T12:36:37+0000 HEARTBEAT segments 305250/360000 (this run: 305250, 2.74 seg/s) ETA 5.56 h, members so far: 272
2026-08-20T12:38:32+0000 HEARTBEAT segments 305500/360000 (this run: 305500, 2.74 seg/s) ETA 5.53 h, members so far: 272
2026-08-20T12:40:28+0000 HEARTBEAT segments 305750/360000 (this run: 305750, 2.74 seg/s) ETA 5.51 h, members so far: 272
2026-08-20T12:42:25+0000 HEARTBEAT segments 306000/360000 (this run: 306000, 2.74 seg/s) ETA 5.48 h, members so far: 272
2026-08-20T12:44:21+0000 HEARTBEAT segments 306250/360000 (this run: 306250, 2.73 seg/s) ETA 5.46 h, members so far: 272
2026-08-20T12:46:19+0000 HEARTBEAT segments 306500/360000 (this run: 306500, 2.73 seg/s) ETA 5.44 h, members so far: 272
2026-08-20T12:48:16+0000 HEARTBEAT segments 306750/360000 (this run: 306750, 2.73 seg/s) ETA 5.41 h, members so far: 272
2026-08-20T12:50:14+0000 HEARTBEAT segments 307000/360000 (this run: 307000, 2.73 seg/s) ETA 5.39 h, members so far: 272
2026-08-20T12:51:17+0000 MEMBER m=8678501867475 sigma=17357003664000 d=70950 x=244637120 square=False (seg 307140, confirmed)
2026-08-20T12:52:11+0000 HEARTBEAT segments 307250/360000 (this run: 307250, 2.73 seg/s) ETA 5.36 h, members so far: 273
2026-08-20T12:54:06+0000 HEARTBEAT segments 307500/360000 (this run: 307500, 2.73 seg/s) ETA 5.34 h, members so far: 273
2026-08-20T12:56:04+0000 HEARTBEAT segments 307750/360000 (this run: 307750, 2.73 seg/s) ETA 5.32 h, members so far: 273
2026-08-20T12:58:04+0000 HEARTBEAT segments 308000/360000 (this run: 308000, 2.73 seg/s) ETA 5.29 h, members so far: 273
2026-08-20T12:59:59+0000 HEARTBEAT segments 308250/360000 (this run: 308250, 2.73 seg/s) ETA 5.27 h, members so far: 273
2026-08-20T13:02:00+0000 HEARTBEAT segments 308500/360000 (this run: 308500, 2.73 seg/s) ETA 5.24 h, members so far: 273
2026-08-20T13:03:55+0000 HEARTBEAT segments 308750/360000 (this run: 308750, 2.73 seg/s) ETA 5.22 h, members so far: 273
2026-08-20T13:05:54+0000 HEARTBEAT segments 309000/360000 (this run: 309000, 2.73 seg/s) ETA 5.19 h, members so far: 273
2026-08-20T13:07:52+0000 HEARTBEAT segments 309250/360000 (this run: 309250, 2.73 seg/s) ETA 5.17 h, members so far: 273
2026-08-20T13:09:49+0000 HEARTBEAT segments 309500/360000 (this run: 309500, 2.73 seg/s) ETA 5.15 h, members so far: 273
2026-08-20T13:10:23+0000 MEMBER m=8739617663175 sigma=17479227686400 d=7639950 x=2287872 square=False (seg 309584, confirmed)
2026-08-20T13:11:50+0000 HEARTBEAT segments 309750/360000 (this run: 309750, 2.73 seg/s) ETA 5.12 h, members so far: 274
2026-08-20T13:13:45+0000 HEARTBEAT segments 310000/360000 (this run: 310000, 2.73 seg/s) ETA 5.10 h, members so far: 274
2026-08-20T13:15:42+0000 HEARTBEAT segments 310250/360000 (this run: 310250, 2.72 seg/s) ETA 5.07 h, members so far: 274
2026-08-20T13:17:43+0000 HEARTBEAT segments 310500/360000 (this run: 310500, 2.72 seg/s) ETA 5.05 h, members so far: 274
2026-08-20T13:19:38+0000 HEARTBEAT segments 310750/360000 (this run: 310750, 2.72 seg/s) ETA 5.02 h, members so far: 274
2026-08-20T13:21:00+0000 MEMBER m=8772878573655 sigma=17545756999680 d=147630 x=118849536 square=False (seg 310915, confirmed)
2026-08-20T13:21:36+0000 HEARTBEAT segments 311000/360000 (this run: 311000, 2.72 seg/s) ETA 5.00 h, members so far: 275
2026-08-20T13:23:34+0000 HEARTBEAT segments 311250/360000 (this run: 311250, 2.72 seg/s) ETA 4.98 h, members so far: 275
2026-08-20T13:25:31+0000 HEARTBEAT segments 311500/360000 (this run: 311500, 2.72 seg/s) ETA 4.95 h, members so far: 275
2026-08-20T13:27:29+0000 HEARTBEAT segments 311750/360000 (this run: 311750, 2.72 seg/s) ETA 4.93 h, members so far: 275
2026-08-20T13:29:26+0000 HEARTBEAT segments 312000/360000 (this run: 312000, 2.72 seg/s) ETA 4.90 h, members so far: 275
2026-08-20T13:31:25+0000 HEARTBEAT segments 312250/360000 (this run: 312250, 2.72 seg/s) ETA 4.88 h, members so far: 275
2026-08-20T13:33:22+0000 HEARTBEAT segments 312500/360000 (this run: 312500, 2.72 seg/s) ETA 4.85 h, members so far: 275
2026-08-20T13:35:18+0000 HEARTBEAT segments 312750/360000 (this run: 312750, 2.72 seg/s) ETA 4.83 h, members so far: 275
2026-08-20T13:37:17+0000 HEARTBEAT segments 313000/360000 (this run: 313000, 2.72 seg/s) ETA 4.80 h, members so far: 275
2026-08-20T13:39:13+0000 HEARTBEAT segments 313250/360000 (this run: 313250, 2.72 seg/s) ETA 4.78 h, members so far: 275
2026-08-20T13:41:12+0000 HEARTBEAT segments 313500/360000 (this run: 313500, 2.72 seg/s) ETA 4.75 h, members so far: 275
2026-08-20T13:43:11+0000 HEARTBEAT segments 313750/360000 (this run: 313750, 2.72 seg/s) ETA 4.73 h, members so far: 275
2026-08-20T13:45:07+0000 HEARTBEAT segments 314000/360000 (this run: 314000, 2.72 seg/s) ETA 4.71 h, members so far: 275
2026-08-20T13:47:09+0000 HEARTBEAT segments 314250/360000 (this run: 314250, 2.71 seg/s) ETA 4.68 h, members so far: 275
2026-08-20T13:49:06+0000 HEARTBEAT segments 314500/360000 (this run: 314500, 2.71 seg/s) ETA 4.66 h, members so far: 275
2026-08-20T13:51:03+0000 HEARTBEAT segments 314750/360000 (this run: 314750, 2.71 seg/s) ETA 4.63 h, members so far: 275
2026-08-20T13:53:02+0000 HEARTBEAT segments 315000/360000 (this run: 315000, 2.71 seg/s) ETA 4.61 h, members so far: 275
2026-08-20T13:54:58+0000 HEARTBEAT segments 315250/360000 (this run: 315250, 2.71 seg/s) ETA 4.58 h, members so far: 275
2026-08-20T13:56:59+0000 HEARTBEAT segments 315500/360000 (this run: 315500, 2.71 seg/s) ETA 4.56 h, members so far: 275
2026-08-20T13:58:56+0000 HEARTBEAT segments 315750/360000 (this run: 315750, 2.71 seg/s) ETA 4.53 h, members so far: 275
2026-08-20T14:00:56+0000 HEARTBEAT segments 316000/360000 (this run: 316000, 2.71 seg/s) ETA 4.51 h, members so far: 275
2026-08-20T14:02:52+0000 HEARTBEAT segments 316250/360000 (this run: 316250, 2.71 seg/s) ETA 4.48 h, members so far: 275
2026-08-20T14:04:50+0000 HEARTBEAT segments 316500/360000 (this run: 316500, 2.71 seg/s) ETA 4.46 h, members so far: 275
2026-08-20T14:06:52+0000 HEARTBEAT segments 316750/360000 (this run: 316750, 2.71 seg/s) ETA 4.44 h, members so far: 275
2026-08-20T14:08:49+0000 HEARTBEAT segments 317000/360000 (this run: 317000, 2.71 seg/s) ETA 4.41 h, members so far: 275
2026-08-20T14:10:47+0000 HEARTBEAT segments 317250/360000 (this run: 317250, 2.71 seg/s) ETA 4.39 h, members so far: 275
2026-08-20T14:12:46+0000 HEARTBEAT segments 317500/360000 (this run: 317500, 2.71 seg/s) ETA 4.36 h, members so far: 275
2026-08-20T14:14:43+0000 HEARTBEAT segments 317750/360000 (this run: 317750, 2.71 seg/s) ETA 4.34 h, members so far: 275
2026-08-20T14:16:44+0000 HEARTBEAT segments 318000/360000 (this run: 318000, 2.71 seg/s) ETA 4.31 h, members so far: 275
2026-08-20T14:18:41+0000 HEARTBEAT segments 318250/360000 (this run: 318250, 2.70 seg/s) ETA 4.29 h, members so far: 275
2026-08-20T14:20:40+0000 HEARTBEAT segments 318500/360000 (this run: 318500, 2.70 seg/s) ETA 4.26 h, members so far: 275
2026-08-20T14:22:38+0000 HEARTBEAT segments 318750/360000 (this run: 318750, 2.70 seg/s) ETA 4.24 h, members so far: 275
2026-08-20T14:24:35+0000 HEARTBEAT segments 319000/360000 (this run: 319000, 2.70 seg/s) ETA 4.21 h, members so far: 275
2026-08-20T14:26:35+0000 HEARTBEAT segments 319250/360000 (this run: 319250, 2.70 seg/s) ETA 4.19 h, members so far: 275
2026-08-20T14:28:33+0000 HEARTBEAT segments 319500/360000 (this run: 319500, 2.70 seg/s) ETA 4.16 h, members so far: 275
2026-08-20T14:30:33+0000 HEARTBEAT segments 319750/360000 (this run: 319750, 2.70 seg/s) ETA 4.14 h, members so far: 275
2026-08-20T14:32:33+0000 HEARTBEAT segments 320000/360000 (this run: 320000, 2.70 seg/s) ETA 4.11 h, members so far: 275
2026-08-20T14:34:29+0000 HEARTBEAT segments 320250/360000 (this run: 320250, 2.70 seg/s) ETA 4.09 h, members so far: 275
2026-08-20T14:36:31+0000 HEARTBEAT segments 320500/360000 (this run: 320500, 2.70 seg/s) ETA 4.06 h, members so far: 275
2026-08-20T14:37:46+0000 MEMBER m=9016827878175 sigma=18033645772800 d=9983550 x=1806336 square=False (seg 320673, confirmed)
2026-08-20T14:38:28+0000 HEARTBEAT segments 320750/360000 (this run: 320750, 2.70 seg/s) ETA 4.04 h, members so far: 276
2026-08-20T14:40:28+0000 HEARTBEAT segments 321000/360000 (this run: 321000, 2.70 seg/s) ETA 4.01 h, members so far: 276
2026-08-20T14:42:28+0000 HEARTBEAT segments 321250/360000 (this run: 321250, 2.70 seg/s) ETA 3.99 h, members so far: 276
2026-08-20T14:44:26+0000 HEARTBEAT segments 321500/360000 (this run: 321500, 2.70 seg/s) ETA 3.97 h, members so far: 276
2026-08-20T14:46:26+0000 HEARTBEAT segments 321750/360000 (this run: 321750, 2.70 seg/s) ETA 3.94 h, members so far: 276
2026-08-20T14:48:25+0000 HEARTBEAT segments 322000/360000 (this run: 322000, 2.70 seg/s) ETA 3.92 h, members so far: 276
2026-08-20T14:50:22+0000 HEARTBEAT segments 322250/360000 (this run: 322250, 2.70 seg/s) ETA 3.89 h, members so far: 276
2026-08-20T14:52:22+0000 HEARTBEAT segments 322500/360000 (this run: 322500, 2.69 seg/s) ETA 3.87 h, members so far: 276
2026-08-20T14:54:22+0000 HEARTBEAT segments 322750/360000 (this run: 322750, 2.69 seg/s) ETA 3.84 h, members so far: 276
2026-08-20T14:56:22+0000 HEARTBEAT segments 323000/360000 (this run: 323000, 2.69 seg/s) ETA 3.82 h, members so far: 276
2026-08-20T14:58:20+0000 HEARTBEAT segments 323250/360000 (this run: 323250, 2.69 seg/s) ETA 3.79 h, members so far: 276
2026-08-20T15:00:23+0000 HEARTBEAT segments 323500/360000 (this run: 323500, 2.69 seg/s) ETA 3.77 h, members so far: 276
2026-08-20T15:02:23+0000 HEARTBEAT segments 323750/360000 (this run: 323750, 2.69 seg/s) ETA 3.74 h, members so far: 276
2026-08-20T15:04:20+0000 HEARTBEAT segments 324000/360000 (this run: 324000, 2.69 seg/s) ETA 3.72 h, members so far: 276
2026-08-20T15:06:20+0000 HEARTBEAT segments 324250/360000 (this run: 324250, 2.69 seg/s) ETA 3.69 h, members so far: 276
2026-08-20T15:08:20+0000 HEARTBEAT segments 324500/360000 (this run: 324500, 2.69 seg/s) ETA 3.67 h, members so far: 276
2026-08-20T15:10:18+0000 HEARTBEAT segments 324750/360000 (this run: 324750, 2.69 seg/s) ETA 3.64 h, members so far: 276
2026-08-20T15:12:23+0000 HEARTBEAT segments 325000/360000 (this run: 325000, 2.69 seg/s) ETA 3.62 h, members so far: 276
2026-08-20T15:14:18+0000 HEARTBEAT segments 325250/360000 (this run: 325250, 2.69 seg/s) ETA 3.59 h, members so far: 276
2026-08-20T15:16:20+0000 HEARTBEAT segments 325500/360000 (this run: 325500, 2.69 seg/s) ETA 3.57 h, members so far: 276
2026-08-20T15:18:18+0000 HEARTBEAT segments 325750/360000 (this run: 325750, 2.69 seg/s) ETA 3.54 h, members so far: 276
2026-08-20T15:20:18+0000 HEARTBEAT segments 326000/360000 (this run: 326000, 2.69 seg/s) ETA 3.52 h, members so far: 276
2026-08-20T15:22:17+0000 HEARTBEAT segments 326250/360000 (this run: 326250, 2.69 seg/s) ETA 3.49 h, members so far: 276
2026-08-20T15:24:15+0000 HEARTBEAT segments 326500/360000 (this run: 326500, 2.69 seg/s) ETA 3.47 h, members so far: 276
2026-08-20T15:26:15+0000 HEARTBEAT segments 326750/360000 (this run: 326750, 2.68 seg/s) ETA 3.44 h, members so far: 276
2026-08-20T15:28:16+0000 HEARTBEAT segments 327000/360000 (this run: 327000, 2.68 seg/s) ETA 3.42 h, members so far: 276
2026-08-20T15:30:14+0000 HEARTBEAT segments 327250/360000 (this run: 327250, 2.68 seg/s) ETA 3.39 h, members so far: 276
2026-08-20T15:32:15+0000 HEARTBEAT segments 327500/360000 (this run: 327500, 2.68 seg/s) ETA 3.36 h, members so far: 276
2026-08-20T15:34:14+0000 HEARTBEAT segments 327750/360000 (this run: 327750, 2.68 seg/s) ETA 3.34 h, members so far: 276
2026-08-20T15:36:14+0000 HEARTBEAT segments 328000/360000 (this run: 328000, 2.68 seg/s) ETA 3.31 h, members so far: 276
2026-08-20T15:37:10+0000 MEMBER m=9203306170149 sigma=18406606458240 d=5882058 x=3129280 square=False (seg 328132, confirmed)
2026-08-20T15:38:12+0000 HEARTBEAT segments 328250/360000 (this run: 328250, 2.68 seg/s) ETA 3.29 h, members so far: 277
2026-08-20T15:40:11+0000 HEARTBEAT segments 328500/360000 (this run: 328500, 2.68 seg/s) ETA 3.26 h, members so far: 277
2026-08-20T15:42:15+0000 HEARTBEAT segments 328750/360000 (this run: 328750, 2.68 seg/s) ETA 3.24 h, members so far: 277
2026-08-20T15:44:14+0000 HEARTBEAT segments 329000/360000 (this run: 329000, 2.68 seg/s) ETA 3.21 h, members so far: 277
2026-08-20T15:46:13+0000 HEARTBEAT segments 329250/360000 (this run: 329250, 2.68 seg/s) ETA 3.19 h, members so far: 277
2026-08-20T15:48:13+0000 HEARTBEAT segments 329500/360000 (this run: 329500, 2.68 seg/s) ETA 3.16 h, members so far: 277
2026-08-20T15:50:13+0000 HEARTBEAT segments 329750/360000 (this run: 329750, 2.68 seg/s) ETA 3.14 h, members so far: 277
2026-08-20T15:52:15+0000 HEARTBEAT segments 330000/360000 (this run: 330000, 2.68 seg/s) ETA 3.11 h, members so far: 277
2026-08-20T15:54:14+0000 HEARTBEAT segments 330250/360000 (this run: 330250, 2.68 seg/s) ETA 3.09 h, members so far: 277
2026-08-20T15:55:18+0000 MEMBER m=9259259201595 sigma=18518511211200 d=7191990 x=2574880 square=False (seg 330370, confirmed)
2026-08-20T15:56:16+0000 HEARTBEAT segments 330500/360000 (this run: 330500, 2.68 seg/s) ETA 3.06 h, members so far: 278
2026-08-20T15:58:14+0000 HEARTBEAT segments 330750/360000 (this run: 330750, 2.68 seg/s) ETA 3.04 h, members so far: 278
2026-08-20T16:00:17+0000 HEARTBEAT segments 331000/360000 (this run: 331000, 2.67 seg/s) ETA 3.01 h, members so far: 278
2026-08-20T16:02:19+0000 HEARTBEAT segments 331250/360000 (this run: 331250, 2.67 seg/s) ETA 2.99 h, members so far: 278
2026-08-20T16:04:17+0000 HEARTBEAT segments 331500/360000 (this run: 331500, 2.67 seg/s) ETA 2.96 h, members so far: 278
2026-08-20T16:06:17+0000 HEARTBEAT segments 331750/360000 (this run: 331750, 2.67 seg/s) ETA 2.94 h, members so far: 278
2026-08-20T16:08:18+0000 HEARTBEAT segments 332000/360000 (this run: 332000, 2.67 seg/s) ETA 2.91 h, members so far: 278
2026-08-20T16:10:19+0000 HEARTBEAT segments 332250/360000 (this run: 332250, 2.67 seg/s) ETA 2.89 h, members so far: 278
2026-08-20T16:12:20+0000 HEARTBEAT segments 332500/360000 (this run: 332500, 2.67 seg/s) ETA 2.86 h, members so far: 278
2026-08-20T16:14:18+0000 HEARTBEAT segments 332750/360000 (this run: 332750, 2.67 seg/s) ETA 2.83 h, members so far: 278
2026-08-20T16:16:20+0000 HEARTBEAT segments 333000/360000 (this run: 333000, 2.67 seg/s) ETA 2.81 h, members so far: 278
2026-08-20T16:18:19+0000 HEARTBEAT segments 333250/360000 (this run: 333250, 2.67 seg/s) ETA 2.78 h, members so far: 278
2026-08-20T16:20:20+0000 HEARTBEAT segments 333500/360000 (this run: 333500, 2.67 seg/s) ETA 2.76 h, members so far: 278
2026-08-20T16:22:21+0000 HEARTBEAT segments 333750/360000 (this run: 333750, 2.67 seg/s) ETA 2.73 h, members so far: 278
2026-08-20T16:24:21+0000 HEARTBEAT segments 334000/360000 (this run: 334000, 2.67 seg/s) ETA 2.71 h, members so far: 278
2026-08-20T16:26:23+0000 HEARTBEAT segments 334250/360000 (this run: 334250, 2.67 seg/s) ETA 2.68 h, members so far: 278
2026-08-20T16:26:26+0000 MEMBER m=9356790668355 sigma=18713581286400 d=50310 x=371965440 square=False (seg 334271, confirmed)
2026-08-20T16:28:24+0000 HEARTBEAT segments 334500/360000 (this run: 334500, 2.67 seg/s) ETA 2.66 h, members so far: 279
2026-08-20T16:30:24+0000 HEARTBEAT segments 334750/360000 (this run: 334750, 2.67 seg/s) ETA 2.63 h, members so far: 279
2026-08-20T16:32:26+0000 HEARTBEAT segments 335000/360000 (this run: 335000, 2.67 seg/s) ETA 2.61 h, members so far: 279
2026-08-20T16:34:27+0000 HEARTBEAT segments 335250/360000 (this run: 335250, 2.66 seg/s) ETA 2.58 h, members so far: 279
2026-08-20T16:36:28+0000 HEARTBEAT segments 335500/360000 (this run: 335500, 2.66 seg/s) ETA 2.55 h, members so far: 279
2026-08-20T16:38:26+0000 HEARTBEAT segments 335750/360000 (this run: 335750, 2.66 seg/s) ETA 2.53 h, members so far: 279
2026-08-20T16:40:29+0000 HEARTBEAT segments 336000/360000 (this run: 336000, 2.66 seg/s) ETA 2.50 h, members so far: 279
2026-08-20T16:42:28+0000 HEARTBEAT segments 336250/360000 (this run: 336250, 2.66 seg/s) ETA 2.48 h, members so far: 279
2026-08-20T16:44:29+0000 HEARTBEAT segments 336500/360000 (this run: 336500, 2.66 seg/s) ETA 2.45 h, members so far: 279
2026-08-20T16:46:32+0000 HEARTBEAT segments 336750/360000 (this run: 336750, 2.66 seg/s) ETA 2.43 h, members so far: 279
2026-08-20T16:48:31+0000 HEARTBEAT segments 337000/360000 (this run: 337000, 2.66 seg/s) ETA 2.40 h, members so far: 279
2026-08-20T16:50:31+0000 HEARTBEAT segments 337250/360000 (this run: 337250, 2.66 seg/s) ETA 2.38 h, members so far: 279
2026-08-20T16:52:34+0000 HEARTBEAT segments 337500/360000 (this run: 337500, 2.66 seg/s) ETA 2.35 h, members so far: 279
2026-08-20T16:54:32+0000 HEARTBEAT segments 337750/360000 (this run: 337750, 2.66 seg/s) ETA 2.32 h, members so far: 279
2026-08-20T16:56:36+0000 HEARTBEAT segments 338000/360000 (this run: 338000, 2.66 seg/s) ETA 2.30 h, members so far: 279
2026-08-20T16:58:35+0000 HEARTBEAT segments 338250/360000 (this run: 338250, 2.66 seg/s) ETA 2.27 h, members so far: 279
2026-08-20T17:00:37+0000 HEARTBEAT segments 338500/360000 (this run: 338500, 2.66 seg/s) ETA 2.25 h, members so far: 279
2026-08-20T17:02:37+0000 HEARTBEAT segments 338750/360000 (this run: 338750, 2.66 seg/s) ETA 2.22 h, members so far: 279
2026-08-20T17:04:39+0000 HEARTBEAT segments 339000/360000 (this run: 339000, 2.66 seg/s) ETA 2.20 h, members so far: 279
2026-08-20T17:06:42+0000 HEARTBEAT segments 339250/360000 (this run: 339250, 2.66 seg/s) ETA 2.17 h, members so far: 279
2026-08-20T17:08:42+0000 HEARTBEAT segments 339500/360000 (this run: 339500, 2.66 seg/s) ETA 2.14 h, members so far: 279
2026-08-20T17:10:44+0000 HEARTBEAT segments 339750/360000 (this run: 339750, 2.65 seg/s) ETA 2.12 h, members so far: 279
2026-08-20T17:12:47+0000 HEARTBEAT segments 340000/360000 (this run: 340000, 2.65 seg/s) ETA 2.09 h, members so far: 279
2026-08-20T17:14:45+0000 HEARTBEAT segments 340250/360000 (this run: 340250, 2.65 seg/s) ETA 2.07 h, members so far: 279
2026-08-20T17:16:47+0000 HEARTBEAT segments 340500/360000 (this run: 340500, 2.65 seg/s) ETA 2.04 h, members so far: 279
2026-08-20T17:18:49+0000 HEARTBEAT segments 340750/360000 (this run: 340750, 2.65 seg/s) ETA 2.02 h, members so far: 279
2026-08-20T17:20:51+0000 HEARTBEAT segments 341000/360000 (this run: 341000, 2.65 seg/s) ETA 1.99 h, members so far: 279
2026-08-20T17:22:54+0000 HEARTBEAT segments 341250/360000 (this run: 341250, 2.65 seg/s) ETA 1.96 h, members so far: 279
2026-08-20T17:24:53+0000 HEARTBEAT segments 341500/360000 (this run: 341500, 2.65 seg/s) ETA 1.94 h, members so far: 279
2026-08-20T17:26:56+0000 HEARTBEAT segments 341750/360000 (this run: 341750, 2.65 seg/s) ETA 1.91 h, members so far: 279
2026-08-20T17:28:55+0000 HEARTBEAT segments 342000/360000 (this run: 342000, 2.65 seg/s) ETA 1.89 h, members so far: 279
2026-08-20T17:31:00+0000 HEARTBEAT segments 342250/360000 (this run: 342250, 2.65 seg/s) ETA 1.86 h, members so far: 279
2026-08-20T17:33:01+0000 HEARTBEAT segments 342500/360000 (this run: 342500, 2.65 seg/s) ETA 1.84 h, members so far: 279
2026-08-20T17:35:01+0000 HEARTBEAT segments 342750/360000 (this run: 342750, 2.65 seg/s) ETA 1.81 h, members so far: 279
2026-08-20T17:37:02+0000 HEARTBEAT segments 343000/360000 (this run: 343000, 2.65 seg/s) ETA 1.78 h, members so far: 279
2026-08-20T17:38:56+0000 MEMBER m=9581140954125 sigma=19162281815040 d=93210 x=205581824 square=False (seg 343245, confirmed)
2026-08-20T17:39:04+0000 HEARTBEAT segments 343250/360000 (this run: 343250, 2.65 seg/s) ETA 1.76 h, members so far: 280
2026-08-20T17:39:28+0000 MEMBER m=9582796074033 sigma=19165574937600 d=17210466 x=1113600 square=False (seg 343311, confirmed)
2026-08-20T17:41:07+0000 HEARTBEAT segments 343500/360000 (this run: 343500, 2.65 seg/s) ETA 1.73 h, members so far: 281
2026-08-20T17:41:57+0000 MEMBER m=9589706757675 sigma=19179413510400 d=4950 x=3874628992 square=False (seg 343588, confirmed)
2026-08-20T17:43:08+0000 HEARTBEAT segments 343750/360000 (this run: 343750, 2.65 seg/s) ETA 1.71 h, members so far: 282
2026-08-20T17:45:09+0000 HEARTBEAT segments 344000/360000 (this run: 344000, 2.65 seg/s) ETA 1.68 h, members so far: 282
2026-08-20T17:47:11+0000 HEARTBEAT segments 344250/360000 (this run: 344250, 2.64 seg/s) ETA 1.65 h, members so far: 282
2026-08-20T17:49:14+0000 HEARTBEAT segments 344500/360000 (this run: 344500, 2.64 seg/s) ETA 1.63 h, members so far: 282
2026-08-20T17:51:15+0000 HEARTBEAT segments 344750/360000 (this run: 344750, 2.64 seg/s) ETA 1.60 h, members so far: 282
2026-08-20T17:53:17+0000 HEARTBEAT segments 345000/360000 (this run: 345000, 2.64 seg/s) ETA 1.58 h, members so far: 282
2026-08-20T17:55:19+0000 HEARTBEAT segments 345250/360000 (this run: 345250, 2.64 seg/s) ETA 1.55 h, members so far: 282
2026-08-20T17:57:23+0000 HEARTBEAT segments 345500/360000 (this run: 345500, 2.64 seg/s) ETA 1.52 h, members so far: 282
2026-08-20T17:59:25+0000 HEARTBEAT segments 345750/360000 (this run: 345750, 2.64 seg/s) ETA 1.50 h, members so far: 282
2026-08-20T18:01:28+0000 HEARTBEAT segments 346000/360000 (this run: 346000, 2.64 seg/s) ETA 1.47 h, members so far: 282
2026-08-20T18:03:30+0000 HEARTBEAT segments 346250/360000 (this run: 346250, 2.64 seg/s) ETA 1.45 h, members so far: 282
2026-08-20T18:05:30+0000 HEARTBEAT segments 346500/360000 (this run: 346500, 2.64 seg/s) ETA 1.42 h, members so far: 282
2026-08-20T18:07:33+0000 HEARTBEAT segments 346750/360000 (this run: 346750, 2.64 seg/s) ETA 1.39 h, members so far: 282
2026-08-20T18:09:35+0000 HEARTBEAT segments 347000/360000 (this run: 347000, 2.64 seg/s) ETA 1.37 h, members so far: 282
2026-08-20T18:11:38+0000 HEARTBEAT segments 347250/360000 (this run: 347250, 2.64 seg/s) ETA 1.34 h, members so far: 282
2026-08-20T18:13:39+0000 HEARTBEAT segments 347500/360000 (this run: 347500, 2.64 seg/s) ETA 1.32 h, members so far: 282
2026-08-20T18:13:45+0000 MEMBER m=9688022834445 sigma=19376045568000 d=100890 x=192051200 square=False (seg 347520, confirmed)
2026-08-20T18:15:41+0000 HEARTBEAT segments 347750/360000 (this run: 347750, 2.64 seg/s) ETA 1.29 h, members so far: 283
2026-08-20T18:17:46+0000 HEARTBEAT segments 348000/360000 (this run: 348000, 2.64 seg/s) ETA 1.26 h, members so far: 283
2026-08-20T18:19:48+0000 HEARTBEAT segments 348250/360000 (this run: 348250, 2.64 seg/s) ETA 1.24 h, members so far: 283
2026-08-20T18:21:51+0000 HEARTBEAT segments 348500/360000 (this run: 348500, 2.64 seg/s) ETA 1.21 h, members so far: 283
2026-08-20T18:23:53+0000 HEARTBEAT segments 348750/360000 (this run: 348750, 2.63 seg/s) ETA 1.19 h, members so far: 283
2026-08-20T18:25:55+0000 HEARTBEAT segments 349000/360000 (this run: 349000, 2.63 seg/s) ETA 1.16 h, members so far: 283
2026-08-20T18:28:00+0000 HEARTBEAT segments 349250/360000 (this run: 349250, 2.63 seg/s) ETA 1.13 h, members so far: 283
2026-08-20T18:30:01+0000 HEARTBEAT segments 349500/360000 (this run: 349500, 2.63 seg/s) ETA 1.11 h, members so far: 283
2026-08-20T18:32:03+0000 HEARTBEAT segments 349750/360000 (this run: 349750, 2.63 seg/s) ETA 1.08 h, members so far: 283
2026-08-20T18:34:05+0000 HEARTBEAT segments 350000/360000 (this run: 350000, 2.63 seg/s) ETA 1.06 h, members so far: 283
2026-08-20T18:36:10+0000 HEARTBEAT segments 350250/360000 (this run: 350250, 2.63 seg/s) ETA 1.03 h, members so far: 283
2026-08-20T18:38:13+0000 HEARTBEAT segments 350500/360000 (this run: 350500, 2.63 seg/s) ETA 1.00 h, members so far: 283
2026-08-20T18:40:13+0000 HEARTBEAT segments 350750/360000 (this run: 350750, 2.63 seg/s) ETA 0.98 h, members so far: 283
2026-08-20T18:41:50+0000 MEMBER m=9773256825135 sigma=19546509312000 d=4338270 x=4505600 square=False (seg 350930, confirmed)
2026-08-20T18:42:19+0000 HEARTBEAT segments 351000/360000 (this run: 351000, 2.63 seg/s) ETA 0.95 h, members so far: 284
2026-08-20T18:44:22+0000 HEARTBEAT segments 351250/360000 (this run: 351250, 2.63 seg/s) ETA 0.92 h, members so far: 284
2026-08-20T18:46:24+0000 HEARTBEAT segments 351500/360000 (this run: 351500, 2.63 seg/s) ETA 0.90 h, members so far: 284
2026-08-20T18:48:27+0000 HEARTBEAT segments 351750/360000 (this run: 351750, 2.63 seg/s) ETA 0.87 h, members so far: 284
2026-08-20T18:50:28+0000 HEARTBEAT segments 352000/360000 (this run: 352000, 2.63 seg/s) ETA 0.85 h, members so far: 284
2026-08-20T18:52:34+0000 HEARTBEAT segments 352250/360000 (this run: 352250, 2.63 seg/s) ETA 0.82 h, members so far: 284
2026-08-20T18:54:35+0000 HEARTBEAT segments 352500/360000 (this run: 352500, 2.63 seg/s) ETA 0.79 h, members so far: 284
2026-08-20T18:55:15+0000 MEMBER m=9814296308985 sigma=19628592572160 d=45810 x=428478336 square=False (seg 352571, confirmed)
2026-08-20T18:56:40+0000 HEARTBEAT segments 352750/360000 (this run: 352750, 2.63 seg/s) ETA 0.77 h, members so far: 285
2026-08-20T18:57:03+0000 MEMBER m=9820177274985 sigma=19640354549760 d=210 x=93525497856 square=False (seg 352807, confirmed)
2026-08-20T18:58:05+0000 MEMBER m=9822865894065 sigma=19645731705600 d=82530 x=238043520 square=False (seg 352914, confirmed)
2026-08-20T18:58:40+0000 HEARTBEAT segments 353000/360000 (this run: 353000, 2.63 seg/s) ETA 0.74 h, members so far: 287
2026-08-20T19:00:43+0000 HEARTBEAT segments 353250/360000 (this run: 353250, 2.62 seg/s) ETA 0.71 h, members so far: 287
2026-08-20T19:02:47+0000 HEARTBEAT segments 353500/360000 (this run: 353500, 2.62 seg/s) ETA 0.69 h, members so far: 287
2026-08-20T19:04:53+0000 HEARTBEAT segments 353750/360000 (this run: 353750, 2.62 seg/s) ETA 0.66 h, members so far: 287
2026-08-20T19:06:58+0000 HEARTBEAT segments 354000/360000 (this run: 354000, 2.62 seg/s) ETA 0.64 h, members so far: 287
2026-08-20T19:08:59+0000 HEARTBEAT segments 354250/360000 (this run: 354250, 2.62 seg/s) ETA 0.61 h, members so far: 287
2026-08-20T19:11:02+0000 HEARTBEAT segments 354500/360000 (this run: 354500, 2.62 seg/s) ETA 0.58 h, members so far: 287
2026-08-20T19:13:04+0000 HEARTBEAT segments 354750/360000 (this run: 354750, 2.62 seg/s) ETA 0.56 h, members so far: 287
2026-08-20T19:15:07+0000 HEARTBEAT segments 355000/360000 (this run: 355000, 2.62 seg/s) ETA 0.53 h, members so far: 287
2026-08-20T19:17:13+0000 HEARTBEAT segments 355250/360000 (this run: 355250, 2.62 seg/s) ETA 0.50 h, members so far: 287
2026-08-20T19:18:02+0000 MEMBER m=9883508562081 sigma=19767017088000 d=36162 x=546624000 square=False (seg 355340, confirmed)
2026-08-20T19:19:12+0000 HEARTBEAT segments 355500/360000 (this run: 355500, 2.62 seg/s) ETA 0.48 h, members so far: 288
2026-08-20T19:21:19+0000 HEARTBEAT segments 355750/360000 (this run: 355750, 2.62 seg/s) ETA 0.45 h, members so far: 288
2026-08-20T19:23:20+0000 HEARTBEAT segments 356000/360000 (this run: 356000, 2.62 seg/s) ETA 0.42 h, members so far: 288
2026-08-20T19:25:23+0000 HEARTBEAT segments 356250/360000 (this run: 356250, 2.62 seg/s) ETA 0.40 h, members so far: 288
2026-08-20T19:27:26+0000 HEARTBEAT segments 356500/360000 (this run: 356500, 2.62 seg/s) ETA 0.37 h, members so far: 288
2026-08-20T19:29:27+0000 HEARTBEAT segments 356750/360000 (this run: 356750, 2.62 seg/s) ETA 0.34 h, members so far: 288
2026-08-20T19:31:33+0000 HEARTBEAT segments 357000/360000 (this run: 357000, 2.62 seg/s) ETA 0.32 h, members so far: 288
2026-08-20T19:33:37+0000 HEARTBEAT segments 357250/360000 (this run: 357250, 2.62 seg/s) ETA 0.29 h, members so far: 288
2026-08-20T19:35:42+0000 HEARTBEAT segments 357500/360000 (this run: 357500, 2.62 seg/s) ETA 0.27 h, members so far: 288
2026-08-20T19:37:45+0000 HEARTBEAT segments 357750/360000 (this run: 357750, 2.62 seg/s) ETA 0.24 h, members so far: 288
2026-08-20T19:39:47+0000 HEARTBEAT segments 358000/360000 (this run: 358000, 2.61 seg/s) ETA 0.21 h, members so far: 288
2026-08-20T19:41:53+0000 HEARTBEAT segments 358250/360000 (this run: 358250, 2.61 seg/s) ETA 0.19 h, members so far: 288
2026-08-20T19:43:55+0000 HEARTBEAT segments 358500/360000 (this run: 358500, 2.61 seg/s) ETA 0.16 h, members so far: 288
2026-08-20T19:46:00+0000 HEARTBEAT segments 358750/360000 (this run: 358750, 2.61 seg/s) ETA 0.13 h, members so far: 288
2026-08-20T19:48:03+0000 HEARTBEAT segments 359000/360000 (this run: 359000, 2.61 seg/s) ETA 0.11 h, members so far: 288
2026-08-20T19:50:04+0000 HEARTBEAT segments 359250/360000 (this run: 359250, 2.61 seg/s) ETA 0.08 h, members so far: 288
2026-08-20T19:52:10+0000 HEARTBEAT segments 359500/360000 (this run: 359500, 2.61 seg/s) ETA 0.05 h, members so far: 288
2026-08-20T19:54:14+0000 HEARTBEAT segments 359750/360000 (this run: 359750, 2.61 seg/s) ETA 0.03 h, members so far: 288
2026-08-20T19:56:13+0000 HEARTBEAT segments 360000/360000 (this run: 360000, 2.61 seg/s) ETA 0.00 h, members so far: 288
2026-08-20T19:56:13+0000 DONE range=(1000000000000, 10000000000000] total_odd_tested=4500000000000 segments=360000 members=288 wall_this_invocation=137914.0s positive_controls=[gate1a=full-segment-verify PASS; gate1b=broken-variant FIRED; gate2=48/48 shard controls PASS] member_list=1008800367705,1017446468535,1021930976625,1028065780125,1035521787465,1054065120381,1061768599515,1071016171785,1091709977625,1093836328767,1112742738315,1113128756649,1117615326765,1124073753705,1133432956305,1134335400705,1142821956969,1156842099567,1207084033485,1214585487465,1233603469395,1237521307425,1263845380005,1266581844255,1279935929727,1284429882915,1286966575575,1287557116209,1312655996421,1327609545465,1330947112365,1352376925263,1394778706875,1398083023935,1410956706225,1434592081923,1443012197319,1462566152817,1471243056075,1471637445201,1479426094377,1488242246985,1503970235625,1526427652113,1544405134725,1573568219223,1616235188841,1619857805715,1638766492209,1642160068857,1642739461125,1676483148249,1677506922585,1698557399721,1700666733285,1708149692205,1709971116165,1711849648509,1714099144725,1730281322133,1743485249925,1755136275075,1766512679295,1772764483545,1773601714665,1787233166565,1789746898401,1793381991219,1807924963455,1811001341655,1896279585525,1900571662395,1933804226865,1946544167475,2044199255085,2070484479063,2071864782603,2072293850781,2117889555327,2148325363107,2152393808103,2157715126125,2176243433325,2177130714165,2178854190045,2188649749725,2193206224755,2232068403825,2236529863035,2248815894975,2256200620425,2277877067775,2304412899165,2361631764765,2361890782251,2401507222335,2417357903175,2424245324325,2431856851875,2444992807257,2452115066775,2521053903555,2544525842985,2573060680125,2583230098815,2589038979945,2594930712075,2624224664061,2654991580995,2662900546995,2673260737785,2698187006835,2701530809901,2707790238855,2779174574505,2800804737675,2851860372669,2875841963631,2904734438595,2921050147743,2923812880275,2960793544401,2969809920675,2980315145535,2986378349175,2994487080975,3008688883785,3090761186877,3113734443705,3159715761279,3180864062805,3211977665169,3213642890367,3234046660299,3251439699255,3255721734447,3266887693797,3271365378015,3303898733655,3402628178985,3418767129195,3453796646625,3521597864265,3521679055245,3522653347005,3530591960025,3551542112745,3553616678625,3568838262675,3571988974281,3575508674985,3580963878375,3638465998125,3652818382521,3697382251017,3727168557021,3741536181537,3773790661575,3782525811525,3801356702715,3837228698745,3856753161975,3878011504521,3881509633485,4038023993913,4079121049773,4169640243483,4268277305325,4273816111875,4301088083523,4318996702185,4325504797575,4343327724225,4366656479493,4414265918205,4439852974095,4453302350889,4460339969631,4490609727681,4504607725527,4506302145375,4529765756775,4604582093715,4675505960853,4741363216275,4746043120275,4835801375955,4847048133291,4851089107137,4864913407575,4924215650835,4935755299167,5033007717465,5099774998725,5146491169215,5147469478125,5158644068445,5195555643465,5231328117675,5239159902207,5341825844901,5437915576875,5465914555725,5474315508795,5519850216111,5589402175035,5635514380275,5746392384579,5795052238125,5871740435055,5894504179515,5896816854705,5933949949305,5990069502765,6013821240999,6058545023115,6162934515975,6165748416135,6166173932325,6204135354417,6282165510621,6337854996585,6434362658997,6474882197925,6478940951325,6484786462935,6517539620775,6522505036875,6531752556693,6540794242125,6541749356373,6549165448749,6570042152175,6593848950195,6681948127335,6720607311795,6754179605481,6789983611125,6836915123577,6844921660269,6855733096875,6864938001999,7092312514665,7128945477927,7132383758175,7158234831165,7164538464447,7256269535625,7322976469809,7432589324979,7453418448861,7454198513685,7480772803125,7483861047663,7709938768125,7720024186413,7792207956351,7803651867669,7840953080235,7854967033875,7867439622735,7929261865395,8178903341505,8182178186553,8213581261875,8250821307729,8265501478845,8360942999175,8446594919301,8489150225985,8558555056821,8618010189255,8678501867475,8739617663175,8772878573655,9016827878175,9203306170149,9259259201595,9356790668355,9581140954125,9582796074033,9589706757675,9688022834445,9773256825135,9814296308985,9820177274985,9822865894065,9883508562081
